rank,sequence,length,oracle_score,mfe,gc_fraction
1,GGGGGGGGGAAAAAAAAAGCGCTCCCCCCCCC,32,0.9297,-11.399999618530273,0.6875
2,ACCCAAGGCCGGGGGTTTAAACCCCCGGCCTTTTT,35,0.9257,-15.800000190734863,0.6
3,GAGCCCCCCAAACCCCCCGGGGGGTTTGGGGG,32,0.9129,-14.600000381469727,0.78125
4,GGGGGGCCCGGGGAAAACCCCCCCCCCTTTT,31,0.9059,-10.300000190734863,0.7419354838709677
5,CAAACCCCCGGGGGCCCCCGGGGGCCCCCGGGCCC,35,0.8948,-16.0,0.9142857142857143
6,CCCCGGGGGGAAAAAGGGGACCCCGGGGCCCCCC,34,0.8668,-9.600000381469727,0.8235294117647058
7,TTTTGGGGGGGGGGCCCCCCCCCCAAAAAAATTTCCC,37,0.8643,-13.899999618530273,0.6216216216216216
8,AAAAGGGGGGGGGGGGGGGGCCCCCCCTTTAAA,33,0.8642,-11.399999618530273,0.696969696969697
9,AGCGGGCCCGGGGGGAAAAAGGCCAAACCCCCGGGGG,37,0.8582,-10.300000190734863,0.7567567567567568
10,CCCTTTTTAAGGCCAGCGCTGGCCTTAAAAAATTTTTT,38,0.8571,-11.100000381469727,0.39473684210526316
11,CCCCCCAAAAAAGGGGTTTTCCCCCGGGGGG,31,0.8369,-8.300000190734863,0.6774193548387096
12,CCCAAAAAGGGGGCCCCCTTTTTCGGGGGGCCCCCC,36,0.8360,-14.399999618530273,0.7222222222222222
13,CCCCCCCCCCCCCCGGGGGGGGGCCCCGGGGGGGG,35,0.8346,-18.200000762939453,1.0
14,GGGGGCCCCCCCCCCCCCCCCGGGGGGGGGCCCC,34,0.8310,-19.100000381469727,1.0
15,TTTCCCCCCGGGGAAAAATTTTTCCCCAAACCCCC,35,0.7875,-6.099999904632568,0.5428571428571428
16,GGGGGTTTAAAGGGAAAATTTTCCCCCCCCC,31,0.7759,-6.900000095367432,0.5483870967741935
17,GGGAAACCCCCCCCCGGGCCCCCCCCCGGGGG,32,0.7680,-11.199999809265137,0.90625
18,GGGGGGGGGGCCCCCCCCCCCCAAAATTTT,30,0.7613,-12.100000381469727,0.7333333333333333
19,CCCCAAAAAAATTTTTTGGCCCCCTTTTCCCCCC,34,0.7604,-4.5,0.5
20,CCCAAAGGGGAAATCCCCCCCCCGGGGGGGG,31,0.7532,-9.5,0.7741935483870968
21,CCCCAAAAGGGGGTTTTAAAAAACCCCGGGG,31,0.7525,-7.800000190734863,0.5483870967741935
22,AAAACCCGGGGCCCCCCGGGGGGGGGGGGCCCCCC,35,0.7494,-13.800000190734863,0.8857142857142857
23,TTTTGGGGCCCCTTTCCCCAAATTTAGCTGGGG,33,0.7485,-5.800000190734863,0.5454545454545454
24,AGCTCCCCCCAAAATTTTGGGGGGCCCCCCGGGGGG,36,0.7472,-11.800000190734863,0.7222222222222222
25,CAAGGCCCCCCGGGGGCCCGGGGGGCCCCCCGGG,34,0.7449,-14.399999618530273,0.9411764705882353
26,TTTTAAAACCCGGGGGCCCCCGGGTTTAAA,30,0.7214,-10.0,0.5333333333333333
27,CCCCCCCGGGAAAGGGGGCCCCCGGGGCCCCCCC,34,0.7193,-11.5,0.9117647058823529
28,AGCAAAGGCCTTTAAAGGCCTTAAGGCGCTAGC,33,0.7144,-7.199999809265137,0.5151515151515151
29,CCCCCTTTTTAGGGGGCCCCCAAAAAGGGGG,31,0.6939,-11.300000190734863,0.6451612903225806
30,GGGCCCCCGGGCCCTTTGGGGGCCCAAATTTTAAAA,36,0.6931,-10.899999618530273,0.6111111111111112
