sequence,structure
A,.
G,.
C,.
T,.
AAA,...
GGG,...
CCC,...
TTT,...
AGC,...
AAA&TTT,(((&)))
GGG&CCC,(((&)))
CCC&GGG,(((&)))
TTT&AAA,(((&)))
AGC&GCT,(((&)))
AAAA,....
GGGG,....
CCCC,....
TTTT,....
AGCT,....
AAAA&TTTT,((((&))))
GGGG&CCCC,((((&))))
CCCC&GGGG,((((&))))
TTTT&AAAA,((((&))))
AGCT&AGCT,((((&))))
AAAAA,.....
GGGGG,.....
CCCCC,.....
TTTTT,.....
AAGGC,.....
AAAAA&TTTTT,(((((&)))))
GGGGG&CCCCC,(((((&)))))
CCCCC&GGGGG,(((((&)))))
TTTTT&AAAAA,(((((&)))))
AAGGC&GCCTT,(((((&)))))
AAAAAA,......
GGGGGG,......
CCCCCC,......
TTTTTT,......
AAGGCC,......
AAAAAA&TTTTTT,((((((&))))))
GGGGGG&CCCCCC,((((((&))))))
CCCCCC&GGGGGG,((((((&))))))
TTTTTT&AAAAAA,((((((&))))))
AAGGCC&GGCCTT,((((((&))))))
