id,sequence,length,loop1,loop2,loop3,g4hunter_core,g4hunter_full,flank_penalty,competing_mfe,tba_identity,tba_p
MMP9G4_00000,GGAAGGATTGGTAGG,15,AA,ATT,TA,1.067,1.067,0.0,0.0,0.667,0.1362
MMP9G4_00001,GGTTCGGCCTAAGGTCAGG,19,TTC,CCTAA,TCA,0.526,0.526,0.0,0.0,0.632,0.3223
MMP9G4_00002,GGCCTGGAAACGGCAGG,17,CCT,AAAC,CA,0.588,0.588,0.0,-2.1,0.714,0.588
MMP9G4_00003,GGAAGGTATCAGGACCGG,18,AA,TATCA,ACC,0.611,0.611,0.0,-0.5,0.667,0.5814
MMP9G4_00004,GGCCAGGTTCTCGGCTTGG,19,CCA,TTCTC,CTT,0.474,0.474,0.0,-1.5,0.667,0.402
MMP9G4_00005,GGATGGTTCTGGCTAGG,17,AT,TTCT,CTA,0.824,0.824,0.0,0.0,0.706,0.1395
MMP9G4_00006,GGTCCGGCTTGGTAGG,16,TCC,CTT,TA,0.688,0.688,0.0,-0.2,0.688,0.1495
MMP9G4_00007,GGCAAGGCCATTGGACGG,18,CAA,CCATT,AC,0.556,0.556,0.0,-1.7,1.0,0.8173
MMP9G4_00008,GGTTGGACCACGGTCAGG,18,TT,ACCAC,TCA,0.556,0.556,0.0,-0.9,1.0,0.2924
MMP9G4_00009,GGTAGGCTATTGGCATGG,18,TA,CTATT,CAT,0.778,0.778,0.0,-0.7,0.667,0.2625
MMP9G4_00010,GGAATGGATTATGGAACGG,19,AAT,ATTAT,AAC,0.789,0.789,0.0,0.0,0.7,0.887
MMP9G4_00011,GGCCGGCAAGGACTGG,16,CC,CAA,ACT,0.625,0.625,0.0,-0.9,0.562,0.2126
MMP9G4_00012,GGACCGGTAATTGGTAAGG,19,ACC,TAATT,TAA,0.632,0.632,0.0,-1.2,0.778,0.4651
MMP9G4_00013,GGTAAGGCAACCGGCACGG,19,TAA,CAACC,CAC,0.474,0.474,0.0,-1.5,0.714,0.4518
MMP9G4_00014,GGCTAGGCTCGGCCTGG,17,CTA,CTC,CCT,0.529,0.529,0.0,-2.5,0.667,0.6312
MMP9G4_00015,GGTCTGGCACACGGATGG,18,TCT,CACAC,AT,0.667,0.667,0.0,-0.1,0.611,0.3422
MMP9G4_00016,GGATTGGTTAAGGCTTGG,18,ATT,TTAA,CTT,0.833,0.833,0.0,0.0,0.722,0.0731
MMP9G4_00017,GGTAGGATAAGGAACGG,17,TA,ATAA,AAC,0.882,0.882,0.0,0.0,0.667,0.3023
MMP9G4_00018,GGAACGGACCTGGTTGG,17,AAC,ACCT,TT,0.647,0.647,0.0,-0.1,1.0,0.1229
MMP9G4_00019,GGTTAGGATTTCGGTAGG,18,TTA,ATTTC,TA,0.833,0.833,0.0,0.0,0.722,0.1429
MMP9G4_00020,GGCTGGCAAATGGATAGG,18,CT,CAAAT,ATA,0.778,0.778,0.0,0.0,0.611,0.3189
MMP9G4_00021,GGATGGTACGGCACGG,16,AT,TAC,CAC,0.812,0.812,0.0,0.0,0.727,0.0664
MMP9G4_00022,GGCCGGCATTCGGTCTGG,18,CC,CATTC,TCT,0.5,0.5,0.0,-2.7,0.8,0.3887
MMP9G4_00023,GGTACGGTCTAGGACAGG,18,TAC,TCTA,ACA,0.722,0.722,0.0,-0.2,0.692,0.299
MMP9G4_00024,GGTTTGGAACGGATGG,16,TTT,AAC,AT,0.938,0.938,0.0,0.0,0.688,0.1694
MMP9G4_00025,GGTCAGGTCCTGGCTCGG,18,TCA,TCCT,CTC,0.5,0.5,0.0,-0.8,0.667,0.1362
MMP9G4_00026,GGTTTGGTTCTGGAAGG,17,TTT,TTCT,AA,0.882,0.882,0.0,0.0,0.706,0.3488
MMP9G4_00027,GGCATGGTCTGGTCCGG,17,CAT,TCT,TCC,0.588,0.588,0.0,0.0,0.706,0.0631
MMP9G4_00028,GGTCGGCACTAGGAAGG,17,TC,CACTA,AA,0.765,0.765,0.0,0.0,0.588,0.3123
MMP9G4_00029,GGATAGGATACCGGATAGG,19,ATA,ATACC,ATA,0.632,0.632,0.0,-0.2,0.579,0.6379
MMP9G4_00030,GGCTTGGTACCAGGCCGG,18,CTT,TACCA,CC,0.389,0.389,0.0,-2.8,0.875,0.2957
MMP9G4_00031,GGACGGTCTTCGGCTGG,17,AC,TCTTC,CT,0.706,0.706,0.0,-1.2,0.647,0.3189
MMP9G4_00032,GGACCGGCATCAGGATCGG,19,ACC,CATCA,ATC,0.474,0.474,0.0,-1.3,0.714,0.9203
MMP9G4_00033,GGCCTGGTCAAAGGATAGG,19,CCT,TCAAA,ATA,0.579,0.579,0.0,-0.3,0.75,0.5648
MMP9G4_00034,GGAAAGGAACAAGGTTTGG,19,AAA,AACAA,TTT,0.789,0.789,0.0,-0.1,0.857,0.3854
MMP9G4_00035,GGCACGGTTTCTGGTTGG,18,CAC,TTTCT,TT,0.722,0.722,0.0,0.0,0.8,0.0565
MMP9G4_00036,GGAAGGACCAGGTTGG,16,AA,ACCA,TT,0.75,0.75,0.0,-0.8,0.625,0.0997
MMP9G4_00037,GGTAAGGCATCGGTCGG,17,TAA,CATC,TC,0.765,0.765,0.0,0.0,0.647,0.1362
MMP9G4_00038,GGCTTGGCACTTGGTTAGG,19,CTT,CACTT,TTA,0.684,0.684,0.0,0.0,0.684,0.2425
MMP9G4_00039,GGACGGCCTAGGTAAGG,17,AC,CCTA,TAA,0.647,0.647,0.0,-0.9,0.588,0.2658
MMP9G4_00040,GGACGGAAACCGGTAAGG,18,AC,AAACC,TAA,0.611,0.611,0.0,-1.6,0.714,0.5083
MMP9G4_00041,GGAAGGTATCGGCAGG,16,AA,TATC,CA,0.875,0.875,0.0,0.0,0.625,0.0764
MMP9G4_00042,GGTCCGGTTCCAGGAATGG,19,TCC,TTCCA,AAT,0.421,0.421,0.0,-1.1,0.778,0.5714
MMP9G4_00043,GGACAGGCCTTGGTATGG,18,ACA,CCTT,TAT,0.611,0.611,0.0,0.0,0.889,0.1163
MMP9G4_00044,GGCTAGGTCCACGGTAAGG,19,CTA,TCCAC,TAA,0.526,0.526,0.0,0.0,0.579,0.6445
MMP9G4_00045,GGTTGGTTCACGGATGG,17,TT,TTCAC,AT,0.824,0.824,0.0,0.0,0.706,0.1329
MMP9G4_00046,GGACAGGTTCGGACGG,16,ACA,TTC,AC,0.812,0.812,0.0,0.0,0.667,0.3322
MMP9G4_00047,GGACCGGCCAGGATCGG,17,ACC,CCA,ATC,0.412,0.412,0.0,-1.5,0.583,0.6146
MMP9G4_00048,GGCTAGGAATCAGGTCCGG,19,CTA,AATCA,TCC,0.526,0.526,0.0,-0.4,0.579,0.6346
MMP9G4_00049,GGCTGGTCACCGGCTCGG,18,CT,TCACC,CTC,0.444,0.444,0.0,-2.3,0.611,0.2525
MMP9G4_00050,GGCACGGTAACCGGACAGG,19,CAC,TAACC,ACA,0.474,0.474,0.0,-1.6,0.625,0.6977
MMP9G4_00051,GGCAGGACATAGGCAGG,17,CA,ACATA,CA,0.765,0.765,0.0,-0.1,0.529,0.5914
MMP9G4_00052,GGCAAGGAACGGTTAGG,17,CAA,AAC,TTA,0.824,0.824,0.0,0.0,0.667,0.2757
MMP9G4_00053,GGAATGGCACAGGTTCGG,18,AAT,CACA,TTC,0.722,0.722,0.0,0.0,0.611,0.2924
MMP9G4_00054,GGTACGGCTAAGGATGG,17,TAC,CTAA,AT,0.824,0.824,0.0,0.0,0.647,0.1262
MMP9G4_00055,GGATTGGTCTTAGGAAGG,18,ATT,TCTTA,AA,0.833,0.833,0.0,0.0,0.667,0.309
MMP9G4_00056,GGCCGGTTAAAGGAACGG,18,CC,TTAAA,AAC,0.611,0.611,0.0,-1.9,0.714,0.8605
MMP9G4_00057,GGTAGGCTCGGATCGG,16,TA,CTC,ATC,0.812,0.812,0.0,0.0,0.625,0.3223
MMP9G4_00058,GGATCGGACCATGGTCGG,18,ATC,ACCAT,TC,0.556,0.556,0.0,-0.2,0.611,0.3056
MMP9G4_00059,GGCTGGCAACGGACCGG,17,CT,CAAC,ACC,0.529,0.529,0.0,-0.6,0.833,0.3422
MMP9G4_00060,GGTACGGATCACGGCAAGG,19,TAC,ATCAC,CAA,0.632,0.632,0.0,-0.7,0.667,0.5482
MMP9G4_00061,GGCAAGGCTCCGGCCAGG,18,CAA,CTCC,CCA,0.333,0.333,0.0,-2.5,0.556,0.9502
MMP9G4_00062,GGCTTGGACTCGGTACGG,18,CTT,ACTC,TAC,0.667,0.667,0.0,0.0,0.667,0.0997
MMP9G4_00063,GGCTGGATTATGGTCGG,17,CT,ATTAT,TC,0.824,0.824,0.0,0.0,0.706,0.1528
MMP9G4_00064,GGCTGGTTAAGGTAGG,16,CT,TTAA,TA,0.938,0.938,0.0,0.0,0.688,0.1329
MMP9G4_00065,GGTTAGGACATTGGCATGG,19,TTA,ACATT,CAT,0.737,0.737,0.0,-0.3,0.667,0.3754
MMP9G4_00066,GGTCGGTACAAGGCCTGG,18,TC,TACAA,CCT,0.556,0.556,0.0,0.0,0.611,0.2558
MMP9G4_00067,GGCATGGAACTCGGAATGG,19,CAT,AACTC,AAT,0.684,0.684,0.0,0.0,0.579,0.6146
MMP9G4_00068,GGACCGGATATTGGCTGG,18,ACC,ATATT,CT,0.611,0.611,0.0,-0.3,0.667,0.3821
MMP9G4_00069,GGATCGGAAAGGCATGG,17,ATC,AAA,CAT,0.824,0.824,0.0,0.0,0.588,0.3156
MMP9G4_00070,GGCAAGGAATACGGCCGG,18,CAA,AATAC,CC,0.556,0.556,0.0,-1.6,0.667,0.9635
MMP9G4_00071,GGCTCGGCTAACGGAACGG,19,CTC,CTAAC,AAC,0.579,0.579,0.0,-0.5,0.714,0.9236
MMP9G4_00072,GGTTCGGCAATGGTTTGG,18,TTC,CAAT,TTT,0.778,0.778,0.0,-0.5,0.722,0.113
MMP9G4_00073,GGTCGGTATTGGATCGG,17,TC,TATT,ATC,0.824,0.824,0.0,0.0,0.706,0.1395
MMP9G4_00074,GGACGGATCCTGGCAGG,17,AC,ATCCT,CA,0.588,0.588,0.0,-1.1,0.588,0.3322
MMP9G4_00075,GGCTGGACTCTGGAATGG,18,CT,ACTCT,AAT,0.722,0.722,0.0,0.0,0.667,0.1063
MMP9G4_00076,GGTCGGTTAGGCTGG,15,TC,TTA,CT,0.933,0.933,0.0,0.0,0.733,0.0664
MMP9G4_00077,GGCAAGGCTTTAGGCCAGG,19,CAA,CTTTA,CCA,0.526,0.526,0.0,-2.4,0.6,0.9934
MMP9G4_00078,GGTACGGCCTCTGGCTTGG,19,TAC,CCTCT,CTT,0.474,0.474,0.0,-1.5,0.684,0.0864
MMP9G4_00079,GGACAGGTTCAGGAAAGG,18,ACA,TTCA,AAA,0.778,0.778,0.0,0.0,0.667,0.608
MMP9G4_00080,GGTCTGGCAAAAGGCCTGG,19,TCT,CAAAA,CCT,0.526,0.526,0.0,-2.4,0.857,0.4618
MMP9G4_00081,GGAAGGCCTATGGCTCGG,18,AA,CCTAT,CTC,0.556,0.556,0.0,-1.5,0.611,0.3056
MMP9G4_00082,GGCTGGACTGGCCAGG,16,CT,ACT,CCA,0.625,0.625,0.0,-2.9,0.727,0.0664
MMP9G4_00083,GGAAGGCTAACGGTAGG,17,AA,CTAAC,TA,0.824,0.824,0.0,0.0,0.588,0.3023
MMP9G4_00084,GGCAGGCACCAGGCAAGG,18,CA,CACCA,CAA,0.5,0.5,0.0,-0.8,0.667,0.6711
MMP9G4_00085,GGTCAGGTCACCGGCTGG,18,TCA,TCACC,CT,0.5,0.5,0.0,-1.6,0.611,0.3123
MMP9G4_00086,GGCTCGGCCAAAGGCTGG,18,CTC,CCAAA,CT,0.5,0.5,0.0,-2.2,0.833,0.6312
MMP9G4_00087,GGTAGGCTTCCGGTTAGG,18,TA,CTTCC,TTA,0.611,0.611,0.0,0.0,0.667,0.3289
MMP9G4_00088,GGCATGGCCTACGGTTCGG,19,CAT,CCTAC,TTC,0.474,0.474,0.0,-1.4,0.632,0.2691
MMP9G4_00089,GGTTAGGAACCGGAATGG,18,TTA,AACC,AAT,0.667,0.667,0.0,-1.9,0.611,0.3123
MMP9G4_00090,GGTAAGGACTGGCCGG,16,TAA,ACT,CC,0.688,0.688,0.0,-0.1,0.625,0.103
MMP9G4_00091,GGTTTGGTTATCGGTCTGG,19,TTT,TTATC,TCT,0.737,0.737,0.0,0.0,0.737,0.2093
MMP9G4_00092,GGCATGGCATTGGACTGG,18,CAT,CATT,ACT,0.722,0.722,0.0,0.0,0.692,0.5781
MMP9G4_00093,GGAATGGACACAGGTTGG,18,AAT,ACACA,TT,0.778,0.778,0.0,0.0,1.0,0.2924
MMP9G4_00094,GGTCAGGAATCTGGTCGG,18,TCA,AATCT,TC,0.722,0.722,0.0,-1.0,0.667,0.1362
MMP9G4_00095,GGTTGGCCATCGGTACGG,18,TT,CCATC,TAC,0.556,0.556,0.0,-0.4,0.667,0.1063
MMP9G4_00096,GGTCTGGATAGGAAAGG,17,TCT,ATA,AAA,0.882,0.882,0.0,0.0,0.75,0.1096
MMP9G4_00097,GGACCGGTATAAGGCCAGG,19,ACC,TATAA,CCA,0.421,0.421,0.0,-1.4,0.625,0.9369
MMP9G4_00098,GGATTGGATCCAGGCAAGG,19,ATT,ATCCA,CAA,0.579,0.579,0.0,-1.7,0.857,0.6478
MMP9G4_00099,GGTTGGTTTTCGGCCTGG,18,TT,TTTTC,CCT,0.611,0.611,0.0,-0.3,0.722,0.2126
MMP9G4_00100,GGCTCGGCCTAGGCTGG,17,CTC,CCTA,CT,0.529,0.529,0.0,-1.4,0.647,0.1429
MMP9G4_00101,GGTTGGATCGGACGG,15,TT,ATC,AC,0.933,0.933,0.0,0.0,0.667,0.1296
MMP9G4_00102,GGATTGGCTACCGGCCGG,18,ATT,CTACC,CC,0.389,0.389,0.0,-2.4,0.611,0.2824
MMP9G4_00103,GGAACGGACTTTGGTATGG,19,AAC,ACTTT,TAT,0.737,0.737,0.0,0.0,0.889,0.2027
MMP9G4_00104,GGCAGGCTTCGGTCAGG,17,CA,CTTC,TCA,0.706,0.706,0.0,0.0,0.692,0.4551
MMP9G4_00105,GGTAAGGTATTAGGAATGG,19,TAA,TATTA,AAT,0.842,0.842,0.0,0.0,0.632,0.5548
MMP9G4_00106,GGTCTGGCAACGGACAGG,18,TCT,CAAC,ACA,0.667,0.667,0.0,-2.0,0.857,0.2159
MMP9G4_00107,GGTCGGCAACCGGATCGG,18,TC,CAACC,ATC,0.5,0.5,0.0,-1.5,0.833,0.588
MMP9G4_00108,GGCAGGTACAGGCATGG,17,CA,TACA,CAT,0.765,0.765,0.0,-0.1,0.588,0.2326
MMP9G4_00109,GGACGGCATCCGGACGG,17,AC,CATCC,AC,0.529,0.529,0.0,-1.6,0.529,0.608
MMP9G4_00110,GGAACGGCTTAAGGAAGG,18,AAC,CTTAA,AA,0.778,0.778,0.0,-0.4,0.6,0.9668
MMP9G4_00111,GGCCTGGACTGGAAGG,16,CCT,ACT,AA,0.688,0.688,0.0,-0.2,0.625,0.0897
MMP9G4_00112,GGTAGGAAATAGGACTGG,18,TA,AAATA,ACT,0.833,0.833,0.0,0.0,0.611,0.299
MMP9G4_00113,GGTCCGGTCCTCGGTTAGG,19,TCC,TCCTC,TTA,0.368,0.368,0.0,-2.2,0.684,0.1196
MMP9G4_00114,GGTAGGAATCCGGCACGG,18,TA,AATCC,CAC,0.556,0.556,0.0,-1.2,0.833,0.6246
MMP9G4_00115,GGTTAGGAAAATGGATCGG,19,TTA,AAAAT,ATC,0.789,0.789,0.0,0.0,0.632,0.2824
MMP9G4_00116,GGAATGGCTTGGTATGG,17,AAT,CTT,TAT,0.882,0.882,0.0,0.0,0.833,0.1661
MMP9G4_00117,GGCCGGATTTCGGAAGG,17,CC,ATTTC,AA,0.647,0.647,0.0,-2.1,0.588,0.6412
MMP9G4_00118,GGCAAGGTAAGGCTGG,16,CAA,TAA,CT,0.875,0.875,0.0,0.0,0.727,0.0731
MMP9G4_00119,GGTTGGCCAAGGCCTGG,17,TT,CCAA,CCT,0.471,0.471,0.0,-1.5,0.647,0.1262
MMP9G4_00120,GGATGGTACCGGTACGG,17,AT,TACC,TAC,0.647,0.647,0.0,-1.5,0.647,0.113
MMP9G4_00121,GGCCTGGTAACTGGCTTGG,19,CCT,TAACT,CTT,0.526,0.526,0.0,-2.7,0.684,0.093
MMP9G4_00122,GGTCAGGTCAGGCTTGG,17,TCA,TCA,CTT,0.765,0.765,0.0,0.0,0.706,0.0565
MMP9G4_00123,GGCTCGGTCCTGGCCTGG,18,CTC,TCCT,CCT,0.333,0.333,0.0,-1.7,0.667,0.1163
MMP9G4_00124,GGCCGGATTCGGTTGG,16,CC,ATTC,TT,0.688,0.688,0.0,-2.5,0.688,0.1362
MMP9G4_00125,GGTATGGATCCGGCCGG,17,TAT,ATCC,CC,0.471,0.471,0.0,0.0,0.647,0.1495
MMP9G4_00126,GGACTGGTCCGGCACGG,17,ACT,TCC,CAC,0.529,0.529,0.0,-1.2,0.667,0.3056
MMP9G4_00127,GGCAGGACAATGGTAAGG,18,CA,ACAAT,TAA,0.778,0.778,0.0,0.0,0.75,0.3555
MMP9G4_00128,GGTCAGGTACTAGGTCCGG,19,TCA,TACTA,TCC,0.526,0.526,0.0,0.0,0.632,0.3289
MMP9G4_00129,GGCACGGCACCAGGCCTGG,19,CAC,CACCA,CCT,0.263,0.263,0.0,-2.3,0.714,0.4053
MMP9G4_00130,GGACTGGTTAACGGCTCGG,19,ACT,TTAAC,CTC,0.632,0.632,0.0,0.0,0.778,0.5116
MMP9G4_00131,GGTACGGTCTGGCAAGG,17,TAC,TCT,CAA,0.765,0.765,0.0,0.0,0.75,0.1694
MMP9G4_00132,GGTTTGGTCAAGGTCGG,17,TTT,TCAA,TC,0.824,0.824,0.0,0.0,0.706,0.1395
MMP9G4_00133,GGACTGGCTCATGGTAGG,18,ACT,CTCAT,TA,0.722,0.722,0.0,-0.6,0.667,0.1063
MMP9G4_00134,GGAATGGACTCGGAAGG,17,AAT,ACTC,AA,0.824,0.824,0.0,0.0,0.588,0.3223
MMP9G4_00135,GGTCGGTTCAGGTCCGG,17,TC,TTCA,TCC,0.588,0.588,0.0,-1.5,0.647,0.3355
MMP9G4_00136,GGCAGGATCCAGGATGG,17,CA,ATCCA,AT,0.647,0.647,0.0,-0.5,0.588,0.2458
MMP9G4_00137,GGATAGGTACCTGGTCTGG,19,ATA,TACCT,TCT,0.579,0.579,0.0,0.0,0.684,0.1163
MMP9G4_00138,GGATAGGCCACGGCTAGG,18,ATA,CCAC,CTA,0.556,0.556,0.0,-1.3,0.556,0.5914
MMP9G4_00139,GGACTGGATCTGGTCCGG,18,ACT,ATCT,TCC,0.556,0.556,0.0,-2.9,0.667,0.1395
MMP9G4_00140,GGCTCGGTCAAGGTAAGG,18,CTC,TCAA,TAA,0.722,0.722,0.0,0.0,0.611,0.2591
MMP9G4_00141,GGAACGGTCACAGGCATGG,19,AAC,TCACA,CAT,0.632,0.632,0.0,0.0,0.714,0.7774
MMP9G4_00142,GGCAGGACCGGTACGG,16,CA,ACC,TAC,0.625,0.625,0.0,-1.5,0.562,0.206
MMP9G4_00143,GGTCGGAATAGGCCGG,16,TC,AATA,CC,0.688,0.688,0.0,-1.4,0.625,0.0864
MMP9G4_00144,GGACAGGAATGGTACGG,17,ACA,AAT,TAC,0.824,0.824,0.0,0.0,0.667,0.3189
MMP9G4_00145,GGTCGGTATATGGCAGG,17,TC,TATAT,CA,0.824,0.824,0.0,0.0,0.647,0.3488
MMP9G4_00146,GGCAAGGATATGGAAGG,17,CAA,ATAT,AA,0.882,0.882,0.0,0.0,0.667,0.2691
MMP9G4_00147,GGAAGGTAATGGACTGG,17,AA,TAAT,ACT,0.882,0.882,0.0,0.0,0.647,0.0764
MMP9G4_00148,GGAAGGTTCTTGGTACGG,18,AA,TTCTT,TAC,0.778,0.778,0.0,0.0,0.688,0.4718
MMP9G4_00149,GGTTAGGCAATAGGCAGG,18,TTA,CAATA,CA,0.778,0.778,0.0,-0.8,0.611,0.3289
MMP9G4_00150,GGTACGGATAGGTTCGG,17,TAC,ATA,TTC,0.824,0.824,0.0,0.0,0.647,0.3422
MMP9G4_00151,GGCTCGGATATGGACCGG,18,CTC,ATAT,ACC,0.556,0.556,0.0,-1.6,0.692,0.299
MMP9G4_00152,GGACGGATCTTGGACAGG,18,AC,ATCTT,ACA,0.722,0.722,0.0,0.0,0.6,0.7209
MMP9G4_00153,GGAAGGTTAGGCCTGG,16,AA,TTA,CCT,0.75,0.75,0.0,-1.1,0.75,0.1628
MMP9G4_00154,GGCTGGATTACGGCTAGG,18,CT,ATTAC,CTA,0.722,0.722,0.0,-1.4,0.611,0.5548
MMP9G4_00155,GGTAGGCAATGGAAGG,16,TA,CAAT,AA,0.938,0.938,0.0,0.0,0.625,0.093
MMP9G4_00156,GGCAGGTCCACGGTCGG,17,CA,TCCAC,TC,0.529,0.529,0.0,-0.1,0.588,0.3189
MMP9G4_00157,GGAACGGATTCGGTTAGG,18,AAC,ATTC,TTA,0.778,0.778,0.0,-0.6,0.692,0.5847
MMP9G4_00158,GGACGGACTGGATCGG,16,AC,ACT,ATC,0.812,0.812,0.0,0.0,0.625,0.0963
MMP9G4_00159,GGATGGCCTTGGATTGG,17,AT,CCTT,ATT,0.706,0.706,0.0,0.0,0.706,0.1462
MMP9G4_00160,GGTCAGGAATAGGCTGG,17,TCA,AATA,CT,0.824,0.824,0.0,-0.4,0.647,0.1329
MMP9G4_00161,GGTAGGAATTGGTAAGG,17,TA,AATT,TAA,0.941,0.941,0.0,0.0,0.647,0.3688
MMP9G4_00162,GGATTGGACCTGGATAGG,18,ATT,ACCT,ATA,0.667,0.667,0.0,-1.1,0.667,0.103
MMP9G4_00163,GGTAAGGTTACTGGTTAGG,19,TAA,TTACT,TTA,0.789,0.789,0.0,0.0,0.684,0.2791
MMP9G4_00164,GGACGGCTAGGTTAGG,16,AC,CTA,TTA,0.875,0.875,0.0,0.0,0.625,0.3023
MMP9G4_00165,GGAATGGTCCTCGGTACGG,19,AAT,TCCTC,TAC,0.526,0.526,0.0,-1.0,0.632,0.3156
MMP9G4_00166,GGCCGGACACGGTACGG,17,CC,ACAC,TAC,0.529,0.529,0.0,-2.8,0.714,0.6047
MMP9G4_00167,GGTACGGCATCGGCAAGG,18,TAC,CATC,CAA,0.667,0.667,0.0,-0.6,0.615,0.6412
MMP9G4_00168,GGCCGGAACTGGTCTGG,17,CC,AACT,TCT,0.588,0.588,0.0,-1.6,0.647,0.093
MMP9G4_00169,GGTCTGGTCACAGGTACGG,19,TCT,TCACA,TAC,0.632,0.632,0.0,-1.2,0.875,0.3023
MMP9G4_00170,GGATAGGCATTCGGACGG,18,ATA,CATTC,AC,0.722,0.722,0.0,0.0,0.556,0.8704
MMP9G4_00171,GGACCGGTACCGGATGG,17,ACC,TACC,AT,0.471,0.471,0.0,-1.6,0.667,0.2791
MMP9G4_00172,GGAAAGGTTATCGGTCGG,18,AAA,TTATC,TC,0.778,0.778,0.0,0.0,0.667,0.3821
MMP9G4_00173,GGCAGGTATTAGGTTGG,17,CA,TATTA,TT,0.882,0.882,0.0,0.0,0.706,0.1395
MMP9G4_00174,GGACAGGCTCAAGGATAGG,19,ACA,CTCAA,ATA,0.684,0.684,0.0,0.0,0.533,0.7375
MMP9G4_00175,GGAAAGGCCATCGGTTAGG,19,AAA,CCATC,TTA,0.579,0.579,0.0,-0.2,0.857,0.598
MMP9G4_00176,GGTACGGTTCAAGGTTCGG,19,TAC,TTCAA,TTC,0.684,0.684,0.0,0.0,0.632,0.5581
MMP9G4_00177,GGAATGGAACTTGGCCAGG,19,AAT,AACTT,CCA,0.579,0.579,0.0,-0.5,0.643,0.6047
MMP9G4_00178,GGATGGATATAGGACGG,17,AT,ATATA,AC,0.882,0.882,0.0,0.0,0.647,0.1096
MMP9G4_00179,GGCATGGTTACGGTTGG,17,CAT,TTAC,TT,0.824,0.824,0.0,0.0,0.706,0.1561
MMP9G4_00180,GGATGGAACATGGCATGG,18,AT,AACAT,CAT,0.778,0.778,0.0,0.0,0.611,0.2924
MMP9G4_00181,GGTCAGGTTATTGGAAGG,18,TCA,TTATT,AA,0.833,0.833,0.0,0.0,0.667,0.4651
MMP9G4_00182,GGCAGGTCCTTGGCTAGG,18,CA,TCCTT,CTA,0.556,0.556,0.0,-1.3,0.611,0.6412
MMP9G4_00183,GGACGGTCTAAGGATAGG,18,AC,TCTAA,ATA,0.778,0.778,0.0,0.0,0.611,0.2824
MMP9G4_00184,GGATGGTTACAGGCAAGG,18,AT,TTACA,CAA,0.778,0.778,0.0,-0.5,0.857,0.4817
MMP9G4_00185,GGTCCGGACTCAGGATGG,18,TCC,ACTCA,AT,0.556,0.556,0.0,-0.4,0.611,0.3256
MMP9G4_00186,GGACTGGCCTTTGGTCAGG,19,ACT,CCTTT,TCA,0.526,0.526,0.0,-2.7,0.632,0.4917
MMP9G4_00187,GGACGGTCACGGATGG,16,AC,TCAC,AT,0.812,0.812,0.0,-0.8,0.625,0.1063
MMP9G4_00188,GGATTGGCTTGGCTGG,16,ATT,CTT,CT,0.875,0.875,0.0,0.0,0.75,0.0797
MMP9G4_00189,GGAATGGACATAGGACTGG,19,AAT,ACATA,ACT,0.737,0.737,0.0,0.0,0.579,0.6146
MMP9G4_00190,GGATTGGTACACGGACAGG,19,ATT,TACAC,ACA,0.684,0.684,0.0,0.0,0.875,0.2757
MMP9G4_00191,GGTAAGGCTCTGGAACGG,18,TAA,CTCT,AAC,0.722,0.722,0.0,0.0,0.692,0.3023
MMP9G4_00192,GGCTCGGCACGGTCGG,16,CTC,CAC,TC,0.688,0.688,0.0,-0.3,0.625,0.0532
MMP9G4_00193,GGATGGCCAAAGGAATGG,18,AT,CCAAA,AAT,0.667,0.667,0.0,-0.5,0.833,0.5615
MMP9G4_00194,GGTCCGGCTTATGGTACGG,19,TCC,CTTAT,TAC,0.526,0.526,0.0,-1.2,0.632,0.5581
MMP9G4_00195,GGCAGGCACGGCCGG,15,CA,CAC,CC,0.6,0.6,0.0,-1.8,0.533,0.0598
MMP9G4_00196,GGATCGGCCTCGGACCGG,18,ATC,CCTC,ACC,0.333,0.333,0.0,-1.6,0.615,0.5681
MMP9G4_00197,GGACTGGTTTAGGCAGG,17,ACT,TTTA,CA,0.824,0.824,0.0,-1.6,0.647,0.412
MMP9G4_00198,GGAACGGAACTAGGATGG,18,AAC,AACTA,AT,0.778,0.778,0.0,0.0,0.833,0.6179
MMP9G4_00199,GGAAGGACTTCGGTATGG,18,AA,ACTTC,TAT,0.778,0.778,0.0,0.0,0.8,0.3887
MMP9G4_00200,GGTAGGCTAAAGGTCCGG,18,TA,CTAAA,TCC,0.611,0.611,0.0,0.0,0.611,0.3156
MMP9G4_00201,GGAACGGTAACTGGCCGG,18,AAC,TAACT,CC,0.556,0.556,0.0,-2.6,0.615,0.598
MMP9G4_00202,GGACCGGCACTGGCTAGG,18,ACC,CACT,CTA,0.5,0.5,0.0,-0.8,0.75,0.6013
MMP9G4_00203,GGATAGGAACTGGCCGG,17,ATA,AACT,CC,0.647,0.647,0.0,-0.2,0.588,0.2924
MMP9G4_00204,GGACGGACAATGGATGG,17,AC,ACAAT,AT,0.824,0.824,0.0,0.0,0.857,0.2857
MMP9G4_00205,GGTCGGCTTCGGCATGG,17,TC,CTTC,CAT,0.706,0.706,0.0,-1.0,0.647,0.3256
MMP9G4_00206,GGATAGGCCTTTGGATTGG,19,ATA,CCTTT,ATT,0.632,0.632,0.0,0.0,0.684,0.2757
MMP9G4_00207,GGCTAGGTACAGGATCGG,18,CTA,TACA,ATC,0.722,0.722,0.0,0.0,0.611,0.2824
MMP9G4_00208,GGTTAGGACCGGACAGG,17,TTA,ACC,ACA,0.647,0.647,0.0,-1.5,0.667,0.2857
MMP9G4_00209,GGTTTGGATCTAGGCTGG,18,TTT,ATCTA,CT,0.778,0.778,0.0,0.0,0.722,0.1362
MMP9G4_00210,GGACGGCTTCTGGCCTGG,18,AC,CTTCT,CCT,0.5,0.5,0.0,-2.0,0.611,0.6113
MMP9G4_00211,GGTCCGGCACTGGTAGG,17,TCC,CACT,TA,0.588,0.588,0.0,-0.7,0.647,0.1196
MMP9G4_00212,GGTCTGGCCTTGGCCGG,17,TCT,CCTT,CC,0.412,0.412,0.0,-2.0,0.769,0.1993
MMP9G4_00213,GGTCAGGTACCTGGCAAGG,19,TCA,TACCT,CAA,0.526,0.526,0.0,-1.2,0.6,0.402
MMP9G4_00214,GGTTCGGTAAGGTCAGG,17,TTC,TAA,TCA,0.824,0.824,0.0,0.0,0.706,0.0532
MMP9G4_00215,GGCCGGATATAGGTTTGG,18,CC,ATATA,TTT,0.667,0.667,0.0,0.0,0.667,0.3256
MMP9G4_00216,GGCAGGCTCACGGATCGG,18,CA,CTCAC,ATC,0.611,0.611,0.0,0.0,0.556,0.6047
MMP9G4_00217,GGCCAGGTCTATGGTAGG,18,CCA,TCTAT,TA,0.611,0.611,0.0,-0.8,0.667,0.402
MMP9G4_00218,GGCACGGTTCGGAACGG,17,CAC,TTC,AAC,0.706,0.706,0.0,-0.8,0.667,0.309
MMP9G4_00219,GGTATGGTCAACGGCCAGG,19,TAT,TCAAC,CCA,0.526,0.526,0.0,-1.8,0.875,0.1063
MMP9G4_00220,GGATCGGTTTTAGGTTAGG,19,ATC,TTTTA,TTA,0.789,0.789,0.0,0.0,0.684,0.4419
MMP9G4_00221,GGCACGGATAGGACGG,16,CAC,ATA,AC,0.812,0.812,0.0,0.0,0.583,0.6744
MMP9G4_00222,GGTATGGCCATCGGTAGG,18,TAT,CCATC,TA,0.611,0.611,0.0,-0.3,0.667,0.1296
MMP9G4_00223,GGCCAGGTCCTGGTCGG,17,CCA,TCCT,TC,0.412,0.412,0.0,-2.8,0.75,0.1262
MMP9G4_00224,GGTCTGGCTCCTGGTTTGG,19,TCT,CTCCT,TTT,0.526,0.526,0.0,0.0,0.737,0.0698
MMP9G4_00225,GGAAGGACTCAGGTCGG,17,AA,ACTCA,TC,0.765,0.765,0.0,-1.1,0.588,0.289
MMP9G4_00226,GGTCAGGAATTGGTCAGG,18,TCA,AATT,TCA,0.778,0.778,0.0,0.0,0.692,0.6179
MMP9G4_00227,GGTTCGGACACCGGACTGG,19,TTC,ACACC,ACT,0.474,0.474,0.0,-2.5,0.857,0.608
MMP9G4_00228,GGTTTGGTCTCCGGAAAGG,19,TTT,TCTCC,AAA,0.579,0.579,0.0,0.0,0.875,0.5349
MMP9G4_00229,GGACCGGTTTTGGATCGG,18,ACC,TTTT,ATC,0.611,0.611,0.0,-1.8,0.667,0.6611
MMP9G4_00230,GGTAAGGCACTCGGACAGG,19,TAA,CACTC,ACA,0.632,0.632,0.0,0.0,0.714,0.7674
MMP9G4_00231,GGTTGGACCTGGCACGG,17,TT,ACCT,CAC,0.588,0.588,0.0,-0.6,0.75,0.1362
MMP9G4_00232,GGTAGGTCACCGGAAGG,17,TA,TCACC,AA,0.647,0.647,0.0,-1.2,0.857,0.2924
MMP9G4_00233,GGCTTGGCATGGAACGG,17,CTT,CAT,AAC,0.765,0.765,0.0,0.0,0.75,0.1362
MMP9G4_00234,GGTACGGAATCAGGTTAGG,19,TAC,AATCA,TTA,0.737,0.737,0.0,0.0,0.632,0.2857
MMP9G4_00235,GGAAAGGTTTGGATAGG,17,AAA,TTT,ATA,0.941,0.941,0.0,0.0,0.75,0.3953
MMP9G4_00236,GGCCTGGACCAAGGCAGG,18,CCT,ACCAA,CA,0.389,0.389,0.0,-2.6,0.714,0.5249
MMP9G4_00237,GGATAGGCTCAGGTCTGG,18,ATA,CTCA,TCT,0.722,0.722,0.0,0.0,0.667,0.1096
MMP9G4_00238,GGAACGGCACACGGCTCGG,19,AAC,CACAC,CTC,0.526,0.526,0.0,-1.7,0.714,0.6312
MMP9G4_00239,GGTAAGGATAAGGCATGG,18,TAA,ATAA,CAT,0.833,0.833,0.0,0.0,0.611,0.2757
MMP9G4_00240,GGCCGGCTATGGATAGG,17,CC,CTAT,ATA,0.647,0.647,0.0,-0.2,0.647,0.1196
MMP9G4_00241,GGCTCGGTTTGGTTTGG,17,CTC,TTT,TTT,0.824,0.824,0.0,0.0,0.765,0.1395
MMP9G4_00242,GGAACGGTCACGGCATGG,18,AAC,TCAC,CAT,0.667,0.667,0.0,-0.8,0.615,0.6047
MMP9G4_00243,GGTAAGGTCCAAGGCCGG,18,TAA,TCCAA,CC,0.444,0.444,0.0,-0.7,0.75,0.4252
MMP9G4_00244,GGCACGGATACCGGCAGG,18,CAC,ATACC,CA,0.5,0.5,0.0,-2.6,0.556,0.9601
MMP9G4_00245,GGTCCGGAAATGGCACGG,18,TCC,AAAT,CAC,0.556,0.556,0.0,-1.3,0.615,0.6379
MMP9G4_00246,GGTCGGTCCTCGGAAAGG,18,TC,TCCTC,AAA,0.556,0.556,0.0,-0.7,0.692,0.3123
MMP9G4_00247,GGAAAGGCAAATGGTTGG,18,AAA,CAAAT,TT,0.833,0.833,0.0,-0.6,1.0,0.0797
MMP9G4_00248,GGAACGGCACGGACAGG,17,AAC,CAC,ACA,0.706,0.706,0.0,0.0,0.571,0.9767
MMP9G4_00249,GGCCAGGCTCTAGGTTGG,18,CCA,CTCTA,TT,0.556,0.556,0.0,-1.1,0.769,0.1329
MMP9G4_00250,GGTCTGGACCAGGAACGG,18,TCT,ACCA,AAC,0.556,0.556,0.0,-0.9,0.857,0.2159
MMP9G4_00251,GGTTGGATTTAGGAAAGG,18,TT,ATTTA,AAA,0.889,0.889,0.0,0.0,0.769,0.2791
MMP9G4_00252,GGCCTGGAAATCGGTCCGG,19,CCT,AAATC,TCC,0.368,0.368,0.0,-1.2,0.579,0.6013
MMP9G4_00253,GGCATGGATCAGGATTGG,18,CAT,ATCA,ATT,0.778,0.778,0.0,0.0,0.667,0.0963
MMP9G4_00254,GGACGGTTAACGGCTTGG,18,AC,TTAAC,CTT,0.722,0.722,0.0,-1.4,0.667,0.2027
MMP9G4_00255,GGCTGGACTAGGACAGG,17,CT,ACTA,ACA,0.765,0.765,0.0,-0.6,0.667,0.2558
MMP9G4_00256,GGAATGGTTTAGGATAGG,18,AAT,TTTA,ATA,0.889,0.889,0.0,0.0,0.667,0.2691
MMP9G4_00257,GGACCGGAATGGATGG,16,ACC,AAT,AT,0.75,0.75,0.0,-0.3,0.727,0.0731
MMP9G4_00258,GGTCGGACAAAGGCCAGG,18,TC,ACAAA,CCA,0.556,0.556,0.0,-0.2,0.833,0.2492
MMP9G4_00259,GGTAAGGTCTTGGTCCGG,18,TAA,TCTT,TCC,0.611,0.611,0.0,0.0,0.667,0.3223
MMP9G4_00260,GGAACGGTCTCGGTCGG,17,AAC,TCTC,TC,0.706,0.706,0.0,-2.2,0.75,0.1362
MMP9G4_00261,GGCCGGCACAGGTAGG,16,CC,CACA,TA,0.625,0.625,0.0,0.0,0.562,0.1827
MMP9G4_00262,GGTAAGGCATCTGGTCTGG,19,TAA,CATCT,TCT,0.684,0.684,0.0,0.0,0.684,0.1096
MMP9G4_00263,GGCCTGGATTAAGGTTCGG,19,CCT,ATTAA,TTC,0.579,0.579,0.0,-0.6,0.632,0.5415
MMP9G4_00264,GGTCGGCTTGGCCTGG,16,TC,CTT,CCT,0.625,0.625,0.0,-1.2,0.688,0.1561
MMP9G4_00265,GGATGGCTTCTGGTTGG,17,AT,CTTCT,TT,0.824,0.824,0.0,0.0,0.765,0.0664
MMP9G4_00266,GGACCGGCACAAGGTACGG,19,ACC,CACAA,TAC,0.474,0.474,0.0,-1.5,0.714,0.4485
MMP9G4_00267,GGCAGGAACCTGGTATGG,18,CA,AACCT,TAT,0.611,0.611,0.0,-0.8,0.875,0.113
MMP9G4_00268,GGCTAGGCTTAGGACAGG,18,CTA,CTTA,ACA,0.722,0.722,0.0,0.0,0.615,0.8704
MMP9G4_00269,GGTTGGCACAAGGCTGG,17,TT,CACAA,CT,0.765,0.765,0.0,-0.7,0.647,0.103
MMP9G4_00270,GGTTAGGCCTTCGGCAAGG,19,TTA,CCTTC,CAA,0.526,0.526,0.0,-1.6,0.6,0.6811
MMP9G4_00271,GGATTGGTTCATGGATGG,18,ATT,TTCAT,AT,0.833,0.833,0.0,0.0,0.722,0.093
MMP9G4_00272,GGACGGTAATAGGCCGG,17,AC,TAATA,CC,0.647,0.647,0.0,-2.6,0.588,0.3056
MMP9G4_00273,GGTATGGCTATTGGCCGG,18,TAT,CTATT,CC,0.611,0.611,0.0,-2.4,0.667,0.309
MMP9G4_00274,GGCCAGGTCAGGAACGG,17,CCA,TCA,AAC,0.588,0.588,0.0,0.0,0.714,0.6146
MMP9G4_00275,GGCCGGAAAACGGTTGG,17,CC,AAAAC,TT,0.647,0.647,0.0,-2.6,1.0,0.1163
MMP9G4_00276,GGTACGGATCTAGGTATGG,19,TAC,ATCTA,TAT,0.737,0.737,0.0,0.0,0.684,0.1329
MMP9G4_00277,GGTCTGGCCAGGCAGG,16,TCT,CCA,CA,0.625,0.625,0.0,-0.4,0.625,0.0897
MMP9G4_00278,GGAAGGCCAAGGCTCGG,17,AA,CCAA,CTC,0.588,0.588,0.0,-0.6,0.529,0.6379
MMP9G4_00279,GGAAAGGCTAGGATGG,16,AAA,CTA,AT,0.938,0.938,0.0,0.0,0.636,0.6179
MMP9G4_00280,GGTATGGAACTTGGAAGG,18,TAT,AACTT,AA,0.833,0.833,0.0,0.0,0.714,0.3754
MMP9G4_00281,GGATCGGAACGGATCGG,17,ATC,AAC,ATC,0.765,0.765,0.0,-1.1,0.588,0.3056
MMP9G4_00282,GGTCGGATCGGCACGG,16,TC,ATC,CAC,0.75,0.75,0.0,-0.2,0.636,0.598
MMP9G4_00283,GGAATGGATTCGGACTGG,18,AAT,ATTC,ACT,0.778,0.778,0.0,0.0,0.692,0.5781
MMP9G4_00284,GGAAAGGAAACGGCTGG,17,AAA,AAAC,CT,0.824,0.824,0.0,0.0,0.833,0.3123
MMP9G4_00285,GGAAAGGCAAGGTAAGG,17,AAA,CAA,TAA,0.882,0.882,0.0,0.0,0.714,0.6179
MMP9G4_00286,GGTTAGGCAACAGGTCAGG,19,TTA,CAACA,TCA,0.684,0.684,0.0,-0.3,0.857,0.6279
MMP9G4_00287,GGATTGGATAGGACCGG,17,ATT,ATA,ACC,0.706,0.706,0.0,0.0,0.667,0.6379
MMP9G4_00288,GGTCGGCTAAGGCAGG,16,TC,CTAA,CA,0.812,0.812,0.0,-0.6,0.625,0.0731
MMP9G4_00289,GGCTAGGATTAAGGACAGG,19,CTA,ATTAA,ACA,0.737,0.737,0.0,0.0,0.714,0.99
MMP9G4_00290,GGCTGGTTTGGCCGG,15,CT,TTT,CC,0.733,0.733,0.0,-2.4,0.733,0.0664
MMP9G4_00291,GGAAAGGACTTGGCTCGG,18,AAA,ACTT,CTC,0.722,0.722,0.0,0.0,0.615,0.8439
MMP9G4_00292,GGTTGGACCAAGGAAGG,17,TT,ACCAA,AA,0.706,0.706,0.0,-0.9,1.0,0.1362
MMP9G4_00293,GGAAGGATATTGGTCTGG,18,AA,ATATT,TCT,0.833,0.833,0.0,0.0,0.889,0.3023
MMP9G4_00294,GGTCCGGTTTTGGTATGG,18,TCC,TTTT,TAT,0.667,0.667,0.0,-0.3,0.722,0.2392
MMP9G4_00295,GGCAGGCTTGGTTTGG,16,CA,CTT,TTT,0.875,0.875,0.0,0.0,0.833,0.1993
MMP9G4_00296,GGTTCGGATAGGCTGG,16,TTC,ATA,CT,0.875,0.875,0.0,0.0,0.688,0.1462
MMP9G4_00297,GGAAGGTAATAGGCACGG,18,AA,TAATA,CAC,0.778,0.778,0.0,0.0,0.615,0.5781
MMP9G4_00298,GGTAGGCCTTGGCCGG,16,TA,CCTT,CC,0.5,0.5,0.0,-1.6,0.625,0.3289
MMP9G4_00299,GGTCAGGTTACGGTCGG,17,TCA,TTAC,TC,0.765,0.765,0.0,0.0,0.647,0.3688
MMP9G4_00300,GGTAGGAACCGGCTGG,16,TA,AACC,CT,0.688,0.688,0.0,-1.5,0.625,0.1262
MMP9G4_00301,GGTCGGACCTCGGTTCGG,18,TC,ACCTC,TTC,0.5,0.5,0.0,-0.6,0.667,0.1329
MMP9G4_00302,GGCAGGATCAGGCAGG,16,CA,ATCA,CA,0.812,0.812,0.0,-0.1,0.562,0.1528
MMP9G4_00303,GGATGGCTCGGCCAGG,16,AT,CTC,CCA,0.625,0.625,0.0,-2.7,0.636,0.6346
MMP9G4_00304,GGCATGGAATCCGGCTCGG,19,CAT,AATCC,CTC,0.474,0.474,0.0,-1.2,0.579,0.5947
MMP9G4_00305,GGTCAGGATCATGGCATGG,19,TCA,ATCAT,CAT,0.684,0.684,0.0,0.0,0.632,0.3189
MMP9G4_00306,GGATGGACTTCGGCCAGG,18,AT,ACTTC,CCA,0.556,0.556,0.0,-1.3,0.6,0.6777
MMP9G4_00307,GGACCGGTCCTTGGCCAGG,19,ACC,TCCTT,CCA,0.211,0.211,0.0,-1.7,0.6,0.4186
MMP9G4_00308,GGACGGCTCTCGGTTTGG,18,AC,CTCTC,TTT,0.667,0.667,0.0,-0.5,0.667,0.3256
MMP9G4_00309,GGATTGGATCGGTCGG,16,ATT,ATC,TC,0.875,0.875,0.0,0.0,0.688,0.1329
MMP9G4_00310,GGTAAGGACAATGGTAAGG,19,TAA,ACAAT,TAA,0.789,0.789,0.0,0.0,0.75,0.6213
MMP9G4_00311,GGATTGGACATTGGCCGG,18,ATT,ACATT,CC,0.611,0.611,0.0,-0.2,0.611,0.6113
MMP9G4_00312,GGCTAGGCATCGGCAGG,17,CTA,CATC,CA,0.706,0.706,0.0,-0.6,0.588,0.2824
MMP9G4_00313,GGTCAGGCCAATGGAACGG,19,TCA,CCAAT,AAC,0.526,0.526,0.0,-0.3,0.714,0.7575
MMP9G4_00314,GGACCGGTACATGGACGG,18,ACC,TACAT,AC,0.556,0.556,0.0,-1.7,0.615,0.598
MMP9G4_00315,GGAATGGATAACGGTTTGG,19,AAT,ATAAC,TTT,0.789,0.789,0.0,0.0,0.632,0.5648
MMP9G4_00316,GGTTGGTTCAGGATGG,16,TT,TTCA,AT,0.938,0.938,0.0,0.0,0.75,0.0631
MMP9G4_00317,GGCTCGGACTGGCTAGG,17,CTC,ACT,CTA,0.706,0.706,0.0,0.0,0.647,0.1495
MMP9G4_00318,GGTCGGCTCTTGGCTGG,17,TC,CTCTT,CT,0.706,0.706,0.0,-1.2,0.706,0.1429
MMP9G4_00319,GGCCGGTCTACGGTTCGG,18,CC,TCTAC,TTC,0.5,0.5,0.0,-2.6,0.667,0.1163
MMP9G4_00320,GGCATGGCTATGGCTAGG,18,CAT,CTAT,CTA,0.722,0.722,0.0,-2.5,0.667,0.1063
MMP9G4_00321,GGTTAGGATACGGATAGG,18,TTA,ATAC,ATA,0.833,0.833,0.0,0.0,0.667,0.1196
MMP9G4_00322,GGATAGGTATAAGGATAGG,19,ATA,TATAA,ATA,0.842,0.842,0.0,0.0,0.632,0.3289
MMP9G4_00323,GGTCTGGACAAGGATGG,17,TCT,ACAA,AT,0.824,0.824,0.0,0.0,0.647,0.1096
MMP9G4_00324,GGCAGGACTCGGAAGG,16,CA,ACTC,AA,0.812,0.812,0.0,0.0,0.562,0.186
MMP9G4_00325,GGCAGGAATAGGATTGG,17,CA,AATA,ATT,0.882,0.882,0.0,0.0,0.647,0.0797
MMP9G4_00326,GGACGGAAATGGCTAGG,17,AC,AAAT,CTA,0.824,0.824,0.0,0.0,0.588,0.2857
MMP9G4_00327,GGTCGGCCTACGGTAGG,17,TC,CCTAC,TA,0.588,0.588,0.0,-1.0,0.647,0.1362
MMP9G4_00328,GGAATGGTCAATGGTTCGG,19,AAT,TCAAT,TTC,0.737,0.737,0.0,0.0,0.684,0.1063
MMP9G4_00329,GGTATGGTATAAGGTCCGG,19,TAT,TATAA,TCC,0.632,0.632,0.0,0.0,0.684,0.1229
MMP9G4_00330,GGAAAGGTACAGGCACGG,18,AAA,TACA,CAC,0.722,0.722,0.0,0.0,0.625,0.7442
MMP9G4_00331,GGATAGGATAAGGATGG,17,ATA,ATAA,AT,0.941,0.941,0.0,0.0,0.647,0.1429
MMP9G4_00332,GGCTGGATTTGGACGG,16,CT,ATTT,AC,0.875,0.875,0.0,0.0,0.688,0.0997
MMP9G4_00333,GGACGGTTTCAGGTAGG,17,AC,TTTCA,TA,0.824,0.824,0.0,0.0,0.647,0.3621
MMP9G4_00334,GGTAGGATACGGCCAGG,17,TA,ATAC,CCA,0.647,0.647,0.0,0.0,0.667,0.3023
MMP9G4_00335,GGTCAGGCCTGGTCTGG,17,TCA,CCT,TCT,0.588,0.588,0.0,-0.9,0.706,0.0631
MMP9G4_00336,GGCACGGTATATGGTAAGG,19,CAC,TATAT,TAA,0.737,0.737,0.0,0.0,0.625,0.6744
MMP9G4_00337,GGATGGCCAGGCATGG,16,AT,CCA,CAT,0.688,0.688,0.0,-1.2,0.625,0.0631
MMP9G4_00338,GGTTTGGCAAAAGGACGG,18,TTT,CAAAA,AC,0.778,0.778,0.0,0.0,0.857,0.505
MMP9G4_00339,GGCTTGGTTTAGGACGG,17,CTT,TTTA,AC,0.824,0.824,0.0,0.0,0.706,0.1661
MMP9G4_00340,GGTCGGTTTAAGGCAAGG,18,TC,TTTAA,CAA,0.778,0.778,0.0,0.0,0.778,0.5581
MMP9G4_00341,GGCCTGGCTTTGGATGG,17,CCT,CTTT,AT,0.647,0.647,0.0,0.0,0.706,0.1628
MMP9G4_00342,GGCCGGTCAGGCAAGG,16,CC,TCA,CAA,0.625,0.625,0.0,-2.4,0.636,0.2027
MMP9G4_00343,GGTAGGCCACGGTTGG,16,TA,CCAC,TT,0.688,0.688,0.0,-0.9,0.688,0.0598
MMP9G4_00344,GGCTCGGACCATGGTTCGG,19,CTC,ACCAT,TTC,0.474,0.474,0.0,-0.6,0.632,0.3123
MMP9G4_00345,GGATAGGCCATGGAACGG,18,ATA,CCAT,AAC,0.611,0.611,0.0,-0.2,0.615,0.6279
MMP9G4_00346,GGTCTGGTTATTGGCACGG,19,TCT,TTATT,CAC,0.684,0.684,0.0,0.0,0.75,0.1761
MMP9G4_00347,GGTTTGGCCAGGACTGG,17,TTT,CCA,ACT,0.647,0.647,0.0,-0.6,0.647,0.3621
MMP9G4_00348,GGAACGGAACGGTAGG,16,AAC,AAC,TA,0.875,0.875,0.0,0.0,0.636,0.1528
MMP9G4_00349,GGCAAGGTCCGGAAGG,16,CAA,TCC,AA,0.688,0.688,0.0,0.0,0.636,0.1462
MMP9G4_00350,GGAAGGCTAAGGATGG,16,AA,CTAA,AT,0.938,0.938,0.0,0.0,0.625,0.0764
MMP9G4_00351,GGACGGCACAGGAACGG,17,AC,CACA,AAC,0.706,0.706,0.0,0.0,0.667,0.794
MMP9G4_00352,GGATCGGATATGGCTAGG,18,ATC,ATAT,CTA,0.778,0.778,0.0,0.0,0.667,0.1096
MMP9G4_00353,GGATCGGCTATTGGAAAGG,19,ATC,CTATT,AAA,0.737,0.737,0.0,0.0,0.6,0.6944
MMP9G4_00354,GGCATGGCACCGGATAGG,18,CAT,CACC,ATA,0.556,0.556,0.0,-0.2,0.556,0.5748
MMP9G4_00355,GGACGGTTCGGAAGG,15,AC,TTC,AA,0.933,0.933,0.0,0.0,0.6,0.3455
MMP9G4_00356,GGTCTGGATTCTGGAAGG,18,TCT,ATTCT,AA,0.778,0.778,0.0,0.0,0.667,0.3256
MMP9G4_00357,GGAAAGGCTAAGGCCGG,17,AAA,CTAA,CC,0.647,0.647,0.0,-2.5,0.583,0.6146
MMP9G4_00358,GGCTGGCTTTAGGTAGG,17,CT,CTTTA,TA,0.824,0.824,0.0,0.0,0.706,0.1329
MMP9G4_00359,GGATGGTCACTGGTCCGG,18,AT,TCACT,TCC,0.556,0.556,0.0,-0.4,0.667,0.1196
MMP9G4_00360,GGTACGGAAAAGGCCGG,17,TAC,AAAA,CC,0.647,0.647,0.0,-1.6,0.714,0.6013
MMP9G4_00361,GGCCGGCTTATGGAATGG,18,CC,CTTAT,AAT,0.611,0.611,0.0,-0.1,0.611,0.6113
MMP9G4_00362,GGTACGGCCTTGGTTAGG,18,TAC,CCTT,TTA,0.611,0.611,0.0,-0.6,0.667,0.3056
MMP9G4_00363,GGTTGGCAATCGGTCGG,17,TT,CAATC,TC,0.765,0.765,0.0,0.0,0.706,0.0598
MMP9G4_00364,GGCTAGGTTCGGTAAGG,17,CTA,TTC,TAA,0.824,0.824,0.0,0.0,0.75,0.3422
MMP9G4_00365,GGAAAGGTCAGGACTGG,17,AAA,TCA,ACT,0.824,0.824,0.0,0.0,0.667,0.3056
MMP9G4_00366,GGTTGGCTTGGAAAGG,16,TT,CTT,AAA,0.938,0.938,0.0,0.0,0.818,0.1462
MMP9G4_00367,GGCATGGATCGGCTGG,16,CAT,ATC,CT,0.812,0.812,0.0,0.0,0.625,0.392
MMP9G4_00368,GGCACGGCTTACGGCTGG,18,CAC,CTTAC,CT,0.611,0.611,0.0,-1.7,0.6,0.7043
MMP9G4_00369,GGCCGGCCTCTGGAAGG,17,CC,CCTCT,AA,0.412,0.412,0.0,-0.8,0.588,0.3189
MMP9G4_00370,GGAACGGTCTCTGGAAGG,18,AAC,TCTCT,AA,0.722,0.722,0.0,0.0,0.6,0.7043
MMP9G4_00371,GGAAGGCAAGGAAGG,15,AA,CAA,AA,1.0,1.0,0.0,0.0,0.533,0.0598
MMP9G4_00372,GGTCGGCTCAAGGCTCGG,18,TC,CTCAA,CTC,0.611,0.611,0.0,-1.5,0.611,0.3355
MMP9G4_00373,GGTTTGGATTAGGTTTGG,18,TTT,ATTA,TTT,0.889,0.889,0.0,0.0,0.722,0.3887
MMP9G4_00374,GGACAGGAAAGGCCAGG,17,ACA,AAA,CCA,0.647,0.647,0.0,-0.5,0.571,0.9767
MMP9G4_00375,GGCACGGTCATCGGATTGG,19,CAC,TCATC,ATT,0.632,0.632,0.0,-0.5,0.714,0.2957
MMP9G4_00376,GGCTCGGCTTATGGACGG,18,CTC,CTTAT,AC,0.667,0.667,0.0,-1.2,0.611,0.5714
MMP9G4_00377,GGAACGGTTACAGGTAGG,18,AAC,TTACA,TA,0.778,0.778,0.0,0.0,0.6,0.701
MMP9G4_00378,GGTCCGGATTTGGTCGG,17,TCC,ATTT,TC,0.647,0.647,0.0,-1.2,0.706,0.1495
MMP9G4_00379,GGCTAGGACCTAGGACGG,18,CTA,ACCTA,AC,0.556,0.556,0.0,-0.8,0.556,0.6412
MMP9G4_00380,GGTTTGGTCCACGGCTGG,18,TTT,TCCAC,CT,0.556,0.556,0.0,-0.7,0.667,0.2924
MMP9G4_00381,GGACGGTCAAGGACAGG,17,AC,TCAA,ACA,0.765,0.765,0.0,-0.2,0.714,0.5349
MMP9G4_00382,GGAAAGGCATGGTCGG,16,AAA,CAT,TC,0.875,0.875,0.0,0.0,0.727,0.0831
MMP9G4_00383,GGCTCGGAATCCGGAACGG,19,CTC,AATCC,AAC,0.474,0.474,0.0,-1.4,0.714,0.9203
MMP9G4_00384,GGCTCGGCCTTTGGTTGG,18,CTC,CCTTT,TT,0.556,0.556,0.0,-1.4,0.722,0.1229
MMP9G4_00385,GGTTGGATTCGGTCCGG,17,TT,ATTC,TCC,0.647,0.647,0.0,-1.1,0.706,0.1429
MMP9G4_00386,GGCTAGGTCAACGGACGG,18,CTA,TCAAC,AC,0.667,0.667,0.0,-1.1,0.75,0.6346
MMP9G4_00387,GGTTGGTATTTGGTATGG,18,TT,TATTT,TAT,0.889,0.889,0.0,0.0,0.778,0.0764
MMP9G4_00388,GGCTAGGCTAGGTAGG,16,CTA,CTA,TA,0.875,0.875,0.0,0.0,0.625,0.299
MMP9G4_00389,GGCTGGTTATGGAATGG,17,CT,TTAT,AAT,0.882,0.882,0.0,0.0,0.706,0.1329
MMP9G4_00390,GGCAGGTATCCGGTTTGG,18,CA,TATCC,TTT,0.611,0.611,0.0,0.0,0.667,0.289
MMP9G4_00391,GGAACGGTAAAGGTTAGG,18,AAC,TAAA,TTA,0.833,0.833,0.0,0.0,0.692,0.3223
MMP9G4_00392,GGACTGGATTTAGGACGG,18,ACT,ATTTA,AC,0.778,0.778,0.0,0.0,0.611,0.598
MMP9G4_00393,GGTTAGGTCCTCGGCCTGG,19,TTA,TCCTC,CCT,0.368,0.368,0.0,-1.5,0.684,0.1163
MMP9G4_00394,GGTCCGGAATAGGATAGG,18,TCC,AATA,ATA,0.667,0.667,0.0,-0.4,0.611,0.2924
MMP9G4_00395,GGAACGGCCTTGGCAGG,17,AAC,CCTT,CA,0.588,0.588,0.0,-0.7,0.615,0.7409
MMP9G4_00396,GGTTGGTCTATGGCCAGG,18,TT,TCTAT,CCA,0.611,0.611,0.0,-1.7,0.733,0.1728
MMP9G4_00397,GGCTCGGACATGGATGG,17,CTC,ACAT,AT,0.765,0.765,0.0,0.0,0.647,0.1296
MMP9G4_00398,GGATGGCAACTGGAAGG,17,AT,CAACT,AA,0.824,0.824,0.0,0.0,0.588,0.2824
MMP9G4_00399,GGTCGGAAAATGGTTAGG,18,TC,AAAAT,TTA,0.833,0.833,0.0,0.0,0.667,0.1329
MMP9G4_00400,GGCTTGGCCTCTGGCTAGG,19,CTT,CCTCT,CTA,0.474,0.474,0.0,-1.5,0.684,0.113
MMP9G4_00401,GGACCGGCATTTGGATGG,18,ACC,CATTT,AT,0.611,0.611,0.0,-0.6,0.778,0.5947
MMP9G4_00402,GGCTTGGTTTTGGCTCGG,18,CTT,TTTT,CTC,0.722,0.722,0.0,0.0,0.722,0.206
MMP9G4_00403,GGATGGTTTCAGGTTCGG,18,AT,TTTCA,TTC,0.778,0.778,0.0,0.0,0.722,0.1063
MMP9G4_00404,GGTAAGGTCATAGGCTAGG,19,TAA,TCATA,CTA,0.737,0.737,0.0,0.0,0.632,0.2957
MMP9G4_00405,GGACGGAACGGAATGG,16,AC,AAC,AAT,0.875,0.875,0.0,0.0,0.562,0.2126
MMP9G4_00406,GGCCTGGCATCCGGAATGG,19,CCT,CATCC,AAT,0.368,0.368,0.0,-0.4,0.579,0.6312
MMP9G4_00407,GGAATGGAAAGGCCGG,16,AAT,AAA,CC,0.75,0.75,0.0,-0.1,0.562,0.2027
MMP9G4_00408,GGCAGGTTACTGGTCGG,17,CA,TTACT,TC,0.765,0.765,0.0,-1.8,0.647,0.3389
MMP9G4_00409,GGCTCGGCAAGGATTGG,17,CTC,CAA,ATT,0.765,0.765,0.0,-0.1,0.647,0.1329
MMP9G4_00410,GGATGGAATACGGTAGG,17,AT,AATAC,TA,0.882,0.882,0.0,0.0,0.647,0.1329
MMP9G4_00411,GGAAGGCATATGGTAAGG,18,AA,CATAT,TAA,0.833,0.833,0.0,0.0,0.611,0.3023
MMP9G4_00412,GGCAAGGATCACGGCCTGG,19,CAA,ATCAC,CCT,0.474,0.474,0.0,-1.3,0.714,0.7708
MMP9G4_00413,GGAAGGCATATGGCCGG,17,AA,CATAT,CC,0.647,0.647,0.0,-2.4,0.588,0.3189
MMP9G4_00414,GGTTGGCCTTCGGATGG,17,TT,CCTTC,AT,0.647,0.647,0.0,-0.1,0.706,0.1329
MMP9G4_00415,GGATGGATTACGGTCTGG,18,AT,ATTAC,TCT,0.778,0.778,0.0,0.0,0.667,0.289
MMP9G4_00416,GGATTGGATCGGCAAGG,17,ATT,ATC,CAA,0.824,0.824,0.0,0.0,0.667,0.6379
MMP9G4_00417,GGTCAGGTTATAGGACTGG,19,TCA,TTATA,ACT,0.737,0.737,0.0,-0.4,0.632,0.6246
MMP9G4_00418,GGTCGGATTCTGGTTTGG,18,TC,ATTCT,TTT,0.778,0.778,0.0,0.0,0.722,0.2326
MMP9G4_00419,GGTCGGTTAAGGCTAGG,17,TC,TTAA,CTA,0.824,0.824,0.0,0.0,0.647,0.3588
MMP9G4_00420,GGATGGATCAGGATCGG,17,AT,ATCA,ATC,0.824,0.824,0.0,0.0,0.647,0.1063
MMP9G4_00421,GGTCCGGCTCCGGCTGG,17,TCC,CTCC,CT,0.353,0.353,0.0,-2.9,0.647,0.1262
MMP9G4_00422,GGATAGGTCCTAGGAATGG,19,ATA,TCCTA,AAT,0.632,0.632,0.0,-1.0,0.632,0.299
MMP9G4_00423,GGCATGGTATTCGGATGG,18,CAT,TATTC,AT,0.778,0.778,0.0,0.0,0.667,0.2924
MMP9G4_00424,GGAAGGCCACTGGCTGG,17,AA,CCACT,CT,0.588,0.588,0.0,-1.5,0.857,0.2857
MMP9G4_00425,GGACGGTATTGGTTGG,16,AC,TATT,TT,0.938,0.938,0.0,0.0,0.75,0.0532
MMP9G4_00426,GGAAAGGCTCCAGGCCGG,18,AAA,CTCCA,CC,0.389,0.389,0.0,-2.4,0.556,0.9601
MMP9G4_00427,GGCCTGGCTTAGGTCCGG,18,CCT,CTTA,TCC,0.389,0.389,0.0,-2.3,0.692,0.5947
MMP9G4_00428,GGACAGGAATCTGGAACGG,19,ACA,AATCT,AAC,0.684,0.684,0.0,-1.2,0.8,0.8771
MMP9G4_00429,GGCCGGTTCGGTATGG,16,CC,TTC,TAT,0.688,0.688,0.0,-1.7,0.833,0.0565
MMP9G4_00430,GGTATGGCTATAGGCAAGG,19,TAT,CTATA,CAA,0.737,0.737,0.0,-1.0,0.714,0.3189
MMP9G4_00431,GGATCGGTATCAGGCTGG,18,ATC,TATCA,CT,0.722,0.722,0.0,-0.2,0.667,0.1096
MMP9G4_00432,GGAAGGTTACTGGAATGG,18,AA,TTACT,AAT,0.833,0.833,0.0,0.0,0.667,0.2093
MMP9G4_00433,GGATAGGATTATGGAAGG,18,ATA,ATTAT,AA,0.889,0.889,0.0,0.0,0.611,0.5714
MMP9G4_00434,GGCTAGGCCAGGTCCGG,17,CTA,CCA,TCC,0.412,0.412,0.0,-1.7,0.588,0.289
MMP9G4_00435,GGTTTGGTTACTGGTAGG,18,TTT,TTACT,TA,0.833,0.833,0.0,0.0,0.722,0.2193
MMP9G4_00436,GGCTCGGTATAGGCACGG,18,CTC,TATA,CAC,0.667,0.667,0.0,-0.9,0.692,0.2857
MMP9G4_00437,GGTATGGCAAATGGTTTGG,19,TAT,CAAAT,TTT,0.789,0.789,0.0,-1.1,0.684,0.2392
MMP9G4_00438,GGACTGGTCCTAGGTCGG,18,ACT,TCCTA,TC,0.556,0.556,0.0,-0.5,0.667,0.103
MMP9G4_00439,GGCATGGCATCAGGAAGG,18,CAT,CATCA,AA,0.722,0.722,0.0,0.0,0.556,0.6113
MMP9G4_00440,GGAAGGATTGGCTAGG,16,AA,ATT,CTA,0.938,0.938,0.0,0.0,0.625,0.2924
MMP9G4_00441,GGTTCGGATTATGGCCAGG,19,TTC,ATTAT,CCA,0.579,0.579,0.0,0.0,0.714,0.5947
MMP9G4_00442,GGTTCGGTCACAGGATCGG,19,TTC,TCACA,ATC,0.632,0.632,0.0,-1.6,0.632,0.3123
MMP9G4_00443,GGCACGGCCTGGATGG,16,CAC,CCT,AT,0.625,0.625,0.0,-1.4,0.727,0.0731
MMP9G4_00444,GGACAGGATTACGGCTGG,18,ACA,ATTAC,CT,0.722,0.722,0.0,-0.6,0.6,0.7043
MMP9G4_00445,GGATGGCTTAGGTCGG,16,AT,CTTA,TC,0.875,0.875,0.0,0.0,0.688,0.1329
MMP9G4_00446,GGAATGGAACCAGGCAGG,18,AAT,AACCA,CA,0.611,0.611,0.0,-0.2,0.714,0.5249
MMP9G4_00447,GGCCTGGCCACAGGATGG,18,CCT,CCACA,AT,0.389,0.389,0.0,-3.0,0.833,0.5681
MMP9G4_00448,GGCTGGCTACTGGACTGG,18,CT,CTACT,ACT,0.667,0.667,0.0,0.0,0.667,0.1063
MMP9G4_00449,GGTTCGGCCATAGGTCGG,18,TTC,CCATA,TC,0.556,0.556,0.0,-1.9,0.667,0.1096
MMP9G4_00450,GGCCGGTTAGGATCGG,16,CC,TTA,ATC,0.688,0.688,0.0,-1.7,0.625,0.3156
MMP9G4_00451,GGCCGGATTCAGGTACGG,18,CC,ATTCA,TAC,0.556,0.556,0.0,-1.8,0.643,0.6977
MMP9G4_00452,GGCAGGCAAACGGACGG,17,CA,CAAAC,AC,0.706,0.706,0.0,0.0,0.667,0.7774
MMP9G4_00453,GGCTGGTCAAAGGACGG,17,CT,TCAAA,AC,0.765,0.765,0.0,-1.1,0.857,0.2691
MMP9G4_00454,GGTACGGCCAAGGAATGG,18,TAC,CCAA,AAT,0.611,0.611,0.0,-1.2,0.556,0.6412
MMP9G4_00455,GGCATGGATTCAGGCATGG,19,CAT,ATTCA,CAT,0.684,0.684,0.0,-1.9,0.7,0.8206
MMP9G4_00456,GGCCGGACCTTGGACGG,17,CC,ACCTT,AC,0.412,0.412,0.0,-1.4,1.0,0.9103
MMP9G4_00457,GGTTCGGACCGGTATGG,17,TTC,ACC,TAT,0.647,0.647,0.0,-1.5,0.706,0.0565
MMP9G4_00458,GGAAGGCAATTGGACCGG,18,AA,CAATT,ACC,0.611,0.611,0.0,0.0,0.667,0.6013
MMP9G4_00459,GGCAGGTTCATGGAAGG,17,CA,TTCAT,AA,0.824,0.824,0.0,0.0,0.588,0.6179
MMP9G4_00460,GGCTTGGAAACGGTCAGG,18,CTT,AAAC,TCA,0.722,0.722,0.0,0.0,0.611,0.2525
MMP9G4_00461,GGATGGAAACGGTTTGG,17,AT,AAAC,TTT,0.882,0.882,0.0,0.0,0.647,0.3056
MMP9G4_00462,GGACGGAAACAGGCCTGG,18,AC,AAACA,CCT,0.556,0.556,0.0,-0.3,0.714,0.4817
MMP9G4_00463,GGCTGGACCTAGGTCCGG,18,CT,ACCTA,TCC,0.389,0.389,0.0,-2.6,0.611,0.2591
MMP9G4_00464,GGAAGGTTCCGGTTTGG,17,AA,TTCC,TTT,0.706,0.706,0.0,-0.8,0.769,0.412
MMP9G4_00465,GGTAGGATTATGGACAGG,18,TA,ATTAT,ACA,0.833,0.833,0.0,0.0,0.692,0.6113
MMP9G4_00466,GGATAGGACACGGTCTGG,18,ATA,ACAC,TCT,0.722,0.722,0.0,-0.2,0.611,0.2824
MMP9G4_00467,GGAAGGTTCTAGGCAGG,17,AA,TTCTA,CA,0.824,0.824,0.0,0.0,0.588,0.6213
MMP9G4_00468,GGCTCGGCTCCAGGATAGG,19,CTC,CTCCA,ATA,0.474,0.474,0.0,0.0,0.579,0.6379
MMP9G4_00469,GGCCAGGTACTCGGCAGG,18,CCA,TACTC,CA,0.5,0.5,0.0,-1.5,0.615,0.6545
MMP9G4_00470,GGTTAGGTCTTAGGTACGG,19,TTA,TCTTA,TAC,0.737,0.737,0.0,0.0,0.684,0.2724
MMP9G4_00471,GGATCGGTTAAGGTCCGG,18,ATC,TTAA,TCC,0.611,0.611,0.0,-1.5,0.692,0.5382
MMP9G4_00472,GGCTAGGTTATAGGATGG,18,CTA,TTATA,AT,0.833,0.833,0.0,0.0,0.667,0.299
MMP9G4_00473,GGACTGGCTCGGATTGG,17,ACT,CTC,ATT,0.765,0.765,0.0,0.0,0.647,0.3322
MMP9G4_00474,GGTTAGGTAAACGGCATGG,19,TTA,TAAAC,CAT,0.737,0.737,0.0,-0.4,0.632,0.3156
MMP9G4_00475,GGACAGGCTCTGGCAGG,17,ACA,CTCT,CA,0.706,0.706,0.0,-1.1,0.667,0.2691
MMP9G4_00476,GGTCGGTTCACGGTTAGG,18,TC,TTCAC,TTA,0.722,0.722,0.0,-0.5,0.667,0.3256
MMP9G4_00477,GGTCGGCCTTAGGTAAGG,18,TC,CCTTA,TAA,0.611,0.611,0.0,-1.4,0.611,0.6047
MMP9G4_00478,GGCTAGGCCAATGGATAGG,19,CTA,CCAAT,ATA,0.579,0.579,0.0,-1.7,0.579,0.6346
MMP9G4_00479,GGTTTGGAACAGGACGG,17,TTT,AACA,AC,0.824,0.824,0.0,0.0,0.857,0.6478
MMP9G4_00480,GGTAGGATTCCGGCTGG,17,TA,ATTCC,CT,0.647,0.647,0.0,0.0,0.647,0.3322
MMP9G4_00481,GGTCTGGCTTCAGGATAGG,19,TCT,CTTCA,ATA,0.684,0.684,0.0,-1.0,0.8,0.5349
MMP9G4_00482,GGTTAGGATCCTGGTTCGG,19,TTA,ATCCT,TTC,0.579,0.579,0.0,0.0,0.737,0.0532
MMP9G4_00483,GGTCAGGCTTCGGCTCGG,18,TCA,CTTC,CTC,0.611,0.611,0.0,-0.6,0.692,0.588
MMP9G4_00484,GGCAGGAACATGGACCGG,18,CA,AACAT,ACC,0.556,0.556,0.0,0.0,0.625,0.7209
MMP9G4_00485,GGTTCGGCTCTTGGAAGG,18,TTC,CTCTT,AA,0.722,0.722,0.0,0.0,0.667,0.3056
MMP9G4_00486,GGTAGGTAACGGCACGG,17,TA,TAAC,CAC,0.765,0.765,0.0,0.0,0.857,0.2525
MMP9G4_00487,GGCCTGGTTCCGGTAAGG,18,CCT,TTCC,TAA,0.444,0.444,0.0,0.0,0.778,0.588
MMP9G4_00488,GGCTGGCTCGGTTGG,15,CT,CTC,TT,0.867,0.867,0.0,0.0,0.733,0.0598
MMP9G4_00489,GGATTGGTTTAAGGCACGG,19,ATT,TTTAA,CAC,0.737,0.737,0.0,-0.1,0.8,0.588
MMP9G4_00490,GGTTTGGCCTATGGTATGG,19,TTT,CCTAT,TAT,0.632,0.632,0.0,0.0,0.737,0.093
MMP9G4_00491,GGCAAGGATTTGGCCTGG,18,CAA,ATTT,CCT,0.611,0.611,0.0,-2.2,0.778,0.5914
MMP9G4_00492,GGACCGGTCTCTGGTTAGG,19,ACC,TCTCT,TTA,0.526,0.526,0.0,-1.7,0.688,0.3654
MMP9G4_00493,GGCTAGGAAATTGGTCTGG,19,CTA,AAATT,TCT,0.737,0.737,0.0,0.0,0.889,0.2126
MMP9G4_00494,GGTATGGTAAAGGAACGG,18,TAT,TAAA,AAC,0.833,0.833,0.0,0.0,0.875,0.1561
MMP9G4_00495,GGTTCGGAATGGACTGG,17,TTC,AAT,ACT,0.824,0.824,0.0,0.0,0.706,0.0631
MMP9G4_00496,GGATGGCACTCGGATAGG,18,AT,CACTC,ATA,0.722,0.722,0.0,0.0,0.611,0.2757
MMP9G4_00497,GGACAGGTCACGGAAGG,17,ACA,TCAC,AA,0.765,0.765,0.0,0.0,0.583,0.6013
MMP9G4_00498,GGTATGGCAAGGATCGG,17,TAT,CAA,ATC,0.824,0.824,0.0,0.0,0.647,0.1063
MMP9G4_00499,GGAAGGTAAGGATAGG,16,AA,TAA,ATA,1.0,1.0,0.0,0.0,0.625,0.0731
MMP9G4_00500,GGCTTGGTCCAAGGTCTGG,19,CTT,TCCAA,TCT,0.526,0.526,0.0,-1.8,0.684,0.1229
MMP9G4_00501,GGACAGGAACTGGACTGG,18,ACA,AACT,ACT,0.722,0.722,0.0,-0.6,0.75,0.4452
MMP9G4_00502,GGCTTGGTTCAAGGTAGG,18,CTT,TTCAA,TA,0.778,0.778,0.0,-1.8,0.667,0.2591
MMP9G4_00503,GGCAGGACCTGGTTCGG,17,CA,ACCT,TTC,0.588,0.588,0.0,-0.8,0.647,0.1429
MMP9G4_00504,GGCCGGTTACGGTCTGG,17,CC,TTAC,TCT,0.588,0.588,0.0,-3.0,0.769,0.1595
MMP9G4_00505,GGACGGTACGGTCAGG,16,AC,TAC,TCA,0.812,0.812,0.0,-0.3,0.625,0.0864
MMP9G4_00506,GGTCGGCAAGGTACGG,16,TC,CAA,TAC,0.812,0.812,0.0,0.0,0.625,0.0864
MMP9G4_00507,GGTACGGACTTTGGTCGG,18,TAC,ACTTT,TC,0.722,0.722,0.0,-1.4,0.667,0.3256
MMP9G4_00508,GGCATGGTCATTGGCAGG,18,CAT,TCATT,CA,0.722,0.722,0.0,-1.0,0.611,0.598
MMP9G4_00509,GGACTGGTACCAGGTATGG,19,ACT,TACCA,TAT,0.579,0.579,0.0,-1.4,0.632,0.3123
MMP9G4_00510,GGAAGGCCATGGAAAGG,17,AA,CCAT,AAA,0.706,0.706,0.0,-0.3,0.583,0.5814
MMP9G4_00511,GGCTAGGACTATGGCTGG,18,CTA,ACTAT,CT,0.722,0.722,0.0,0.0,0.667,0.1163
MMP9G4_00512,GGTCCGGCATGGCATGG,17,TCC,CAT,CAT,0.588,0.588,0.0,0.0,0.647,0.1395
MMP9G4_00513,GGCCGGATTGGATGG,15,CC,ATT,AT,0.8,0.8,0.0,-0.1,0.667,0.0997
MMP9G4_00514,GGTTCGGCTCAGGTCGG,17,TTC,CTCA,TC,0.706,0.706,0.0,-1.0,0.706,0.0598
MMP9G4_00515,GGACTGGAATCGGCATGG,18,ACT,AATC,CAT,0.722,0.722,0.0,0.0,0.611,0.2625
MMP9G4_00516,GGACCGGAAAATGGCCTGG,19,ACC,AAAAT,CCT,0.421,0.421,0.0,-1.2,0.75,0.2924
MMP9G4_00517,GGCTAGGTTAATGGCTCGG,19,CTA,TTAAT,CTC,0.684,0.684,0.0,0.0,0.667,0.4153
MMP9G4_00518,GGACAGGAACTCGGCTAGG,19,ACA,AACTC,CTA,0.632,0.632,0.0,0.0,0.714,0.9369
MMP9G4_00519,GGAATGGCACCTGGCACGG,19,AAT,CACCT,CAC,0.474,0.474,0.0,-0.9,0.714,0.7409
MMP9G4_00520,GGAATGGCCACGGTCCGG,18,AAT,CCAC,TCC,0.389,0.389,0.0,-1.7,0.556,0.6478
MMP9G4_00521,GGACCGGTCAGGTATGG,17,ACC,TCA,TAT,0.647,0.647,0.0,-1.2,0.75,0.1262
MMP9G4_00522,GGTCCGGATAAAGGTCAGG,19,TCC,ATAAA,TCA,0.579,0.579,0.0,-0.6,0.579,0.6512
MMP9G4_00523,GGTCGGTTCCAGGACGG,17,TC,TTCCA,AC,0.588,0.588,0.0,-0.3,0.857,0.6445
MMP9G4_00524,GGCCAGGCTAATGGTATGG,19,CCA,CTAAT,TAT,0.579,0.579,0.0,-0.9,0.875,0.3389
MMP9G4_00525,GGCTGGAAAAGGATGG,16,CT,AAAA,AT,0.938,0.938,0.0,0.0,0.625,0.0731
MMP9G4_00526,GGAAAGGACTAAGGACGG,18,AAA,ACTAA,AC,0.778,0.778,0.0,0.0,0.667,0.9635
MMP9G4_00527,GGATGGTCTTTGGTAGG,17,AT,TCTTT,TA,0.882,0.882,0.0,0.0,0.706,0.3654
MMP9G4_00528,GGCACGGCAAAGGTCTGG,18,CAC,CAAA,TCT,0.667,0.667,0.0,0.0,0.857,0.2093
MMP9G4_00529,GGTTGGCACCGGCTCGG,17,TT,CACC,CTC,0.529,0.529,0.0,-1.5,0.647,0.1063
MMP9G4_00530,GGTAGGTTTTAGGCTCGG,18,TA,TTTTA,CTC,0.778,0.778,0.0,-0.1,0.667,0.4817
MMP9G4_00531,GGCCAGGATAGGTATGG,17,CCA,ATA,TAT,0.706,0.706,0.0,-0.3,0.75,0.1229
MMP9G4_00532,GGTTAGGCCTAGGTAGG,17,TTA,CCTA,TA,0.706,0.706,0.0,-0.4,0.706,0.0598
MMP9G4_00533,GGCTCGGAACCTGGTTGG,18,CTC,AACCT,TT,0.556,0.556,0.0,-0.1,0.667,0.1395
MMP9G4_00534,GGATGGATAGGATTGG,16,AT,ATA,ATT,1.0,1.0,0.0,0.0,0.688,0.1296
MMP9G4_00535,GGCAAGGAACATGGTAGG,18,CAA,AACAT,TA,0.778,0.778,0.0,0.0,0.857,0.1894
MMP9G4_00536,GGCACGGCTTAGGTAGG,17,CAC,CTTA,TA,0.765,0.765,0.0,0.0,0.692,0.6611
MMP9G4_00537,GGTTGGCACTTGGTCCGG,18,TT,CACTT,TCC,0.556,0.556,0.0,0.0,0.667,0.289
MMP9G4_00538,GGTTAGGTTCAGGTACGG,18,TTA,TTCA,TAC,0.778,0.778,0.0,0.0,0.667,0.289
MMP9G4_00539,GGATTGGCATTGGCTGG,17,ATT,CATT,CT,0.824,0.824,0.0,-0.6,0.706,0.1362
MMP9G4_00540,GGAATGGACAAGGTAAGG,18,AAT,ACAA,TAA,0.833,0.833,0.0,0.0,0.556,0.6478
MMP9G4_00541,GGCTGGTCAAAGGTTTGG,18,CT,TCAAA,TTT,0.778,0.778,0.0,0.0,0.667,0.2558
MMP9G4_00542,GGAACGGAATCCGGCCAGG,19,AAC,AATCC,CCA,0.368,0.368,0.0,-2.4,0.571,1.0
MMP9G4_00543,GGCTCGGATTCTGGTCTGG,19,CTC,ATTCT,TCT,0.632,0.632,0.0,0.0,0.684,0.2924
MMP9G4_00544,GGCTCGGACCTCGGATAGG,19,CTC,ACCTC,ATA,0.474,0.474,0.0,-1.0,0.579,0.6113
MMP9G4_00545,GGTAGGATAGGTATGG,16,TA,ATA,TAT,1.0,1.0,0.0,0.0,0.688,0.1362
MMP9G4_00546,GGTTCGGTTTTGGCTGG,17,TTC,TTTT,CT,0.824,0.824,0.0,0.0,0.765,0.1694
MMP9G4_00547,GGTTGGAATTAGGCAGG,17,TT,AATTA,CA,0.882,0.882,0.0,0.0,0.647,0.3588
MMP9G4_00548,GGTCGGACTCGGTTTGG,17,TC,ACTC,TTT,0.765,0.765,0.0,-0.4,0.706,0.1229
MMP9G4_00549,GGACAGGAAATAGGTCGG,18,ACA,AAATA,TC,0.778,0.778,0.0,-0.2,0.833,0.6379
MMP9G4_00550,GGCCGGTACTAGGATTGG,18,CC,TACTA,ATT,0.611,0.611,0.0,0.0,0.667,0.1163
MMP9G4_00551,GGCCTGGAAATGGATTGG,18,CCT,AAAT,ATT,0.667,0.667,0.0,0.0,0.667,0.1196
MMP9G4_00552,GGTTAGGCAAGGACGG,16,TTA,CAA,AC,0.875,0.875,0.0,0.0,0.625,0.0764
MMP9G4_00553,GGTAGGATACAGGTATGG,18,TA,ATACA,TAT,0.833,0.833,0.0,0.0,0.667,0.1163
MMP9G4_00554,GGCCGGTCTCGGAATGG,17,CC,TCTC,AAT,0.588,0.588,0.0,-2.2,0.647,0.093
MMP9G4_00555,GGATCGGTTACGGACGG,17,ATC,TTAC,AC,0.765,0.765,0.0,-0.6,0.588,0.6246
MMP9G4_00556,GGTATGGATTCCGGTTGG,18,TAT,ATTCC,TT,0.667,0.667,0.0,0.0,0.722,0.1362
MMP9G4_00557,GGACGGACCAAGGCCGG,17,AC,ACCAA,CC,0.412,0.412,0.0,-2.4,0.667,0.7774
MMP9G4_00558,GGCCTGGCCTTAGGTTTGG,19,CCT,CCTTA,TTT,0.421,0.421,0.0,-1.4,0.8,0.7542
MMP9G4_00559,GGTATGGCACTCGGCTTGG,19,TAT,CACTC,CTT,0.632,0.632,0.0,-0.5,0.684,0.0897
MMP9G4_00560,GGATGGACCACGGATTGG,18,AT,ACCAC,ATT,0.611,0.611,0.0,-1.0,0.611,0.2558
MMP9G4_00561,GGCAAGGTCTAGGATTGG,18,CAA,TCTA,ATT,0.778,0.778,0.0,0.0,0.769,0.1329
MMP9G4_00562,GGCTGGAAAGGTCCGG,16,CT,AAA,TCC,0.688,0.688,0.0,-1.7,0.625,0.0764
MMP9G4_00563,GGTTCGGAATAAGGCCGG,18,TTC,AATAA,CC,0.611,0.611,0.0,-1.4,0.611,0.3488
MMP9G4_00564,GGAATGGCCTACGGTCGG,18,AAT,CCTAC,TC,0.556,0.556,0.0,0.0,0.611,0.3189
MMP9G4_00565,GGTCCGGTATTTGGTAGG,18,TCC,TATTT,TA,0.667,0.667,0.0,-0.2,0.667,0.5316
MMP9G4_00566,GGTACGGATAAAGGCTGG,18,TAC,ATAAA,CT,0.778,0.778,0.0,0.0,0.611,0.3223
MMP9G4_00567,GGCCGGAATAGGCACGG,17,CC,AATA,CAC,0.588,0.588,0.0,-1.7,0.583,0.5847
MMP9G4_00568,GGAAAGGACTCCGGCTTGG,19,AAA,ACTCC,CTT,0.526,0.526,0.0,-0.3,0.857,0.6279
MMP9G4_00569,GGTCTGGTATACGGCCGG,18,TCT,TATAC,CC,0.556,0.556,0.0,-0.8,0.667,0.1462
MMP9G4_00570,GGTCTGGCATTCGGTTAGG,19,TCT,CATTC,TTA,0.684,0.684,0.0,0.0,0.684,0.2458
MMP9G4_00571,GGATTGGATCATGGTCAGG,19,ATT,ATCAT,TCA,0.737,0.737,0.0,0.0,0.684,0.1196
MMP9G4_00572,GGTAGGAATAAGGTTCGG,18,TA,AATAA,TTC,0.833,0.833,0.0,-0.2,0.667,0.1096
MMP9G4_00573,GGAACGGTACTAGGAACGG,19,AAC,TACTA,AAC,0.684,0.684,0.0,0.0,0.533,0.7874
MMP9G4_00574,GGAACGGATCAGGTATGG,18,AAC,ATCA,TAT,0.778,0.778,0.0,0.0,0.692,0.2724
MMP9G4_00575,GGCTAGGATCCGGTAGG,17,CTA,ATCC,TA,0.647,0.647,0.0,0.0,0.647,0.113
MMP9G4_00576,GGATAGGTTACCGGTATGG,19,ATA,TTACC,TAT,0.632,0.632,0.0,-0.2,0.714,0.6047
MMP9G4_00577,GGCTGGTTATCGGATAGG,18,CT,TTATC,ATA,0.778,0.778,0.0,0.0,0.667,0.2625
MMP9G4_00578,GGCCTGGAACTAGGACAGG,19,CCT,AACTA,ACA,0.526,0.526,0.0,-2.1,0.714,0.7243
MMP9G4_00579,GGCCTGGTTACGGACCGG,18,CCT,TTAC,ACC,0.389,0.389,0.0,-2.1,0.778,0.2625
MMP9G4_00580,GGACGGTATCCGGCTAGG,18,AC,TATCC,CTA,0.556,0.556,0.0,-2.3,0.611,0.2824
MMP9G4_00581,GGACGGCTCTGGAAGG,16,AC,CTCT,AA,0.812,0.812,0.0,0.0,0.625,0.0598
MMP9G4_00582,GGATAGGCATGGCTCGG,17,ATA,CAT,CTC,0.765,0.765,0.0,0.0,0.647,0.1495
MMP9G4_00583,GGAAGGACACTGGCCAGG,18,AA,ACACT,CCA,0.556,0.556,0.0,-0.3,0.625,0.7209
MMP9G4_00584,GGTTAGGTTTCAGGCCGG,18,TTA,TTTCA,CC,0.611,0.611,0.0,-0.4,0.667,0.2957
MMP9G4_00585,GGTCAGGTACCTGGATGG,18,TCA,TACCT,AT,0.611,0.611,0.0,-1.0,0.667,0.1329
MMP9G4_00586,GGCAGGACAGGCAGG,15,CA,ACA,CA,0.867,0.867,0.0,-0.1,0.533,0.0598
MMP9G4_00587,GGTACGGCACTCGGCAGG,18,TAC,CACTC,CA,0.611,0.611,0.0,-0.5,0.556,0.6611
MMP9G4_00588,GGTAAGGATTAGGACGG,17,TAA,ATTA,AC,0.882,0.882,0.0,0.0,0.692,0.4518
MMP9G4_00589,GGTCAGGCTCGGCTGG,16,TCA,CTC,CT,0.75,0.75,0.0,-0.4,0.625,0.3455
MMP9G4_00590,GGAAAGGCCTAGGATGG,17,AAA,CCTA,AT,0.706,0.706,0.0,0.0,0.667,0.299
MMP9G4_00591,GGTTGGACACCGGCCTGG,18,TT,ACACC,CCT,0.389,0.389,0.0,-1.4,1.0,0.2757
MMP9G4_00592,GGACGGCAACAGGTTGG,17,AC,CAACA,TT,0.765,0.765,0.0,-0.1,1.0,0.1163
MMP9G4_00593,GGACGGACATGGTAGG,16,AC,ACAT,TA,0.875,0.875,0.0,0.0,0.625,0.0631
MMP9G4_00594,GGTTTGGCACATGGACCGG,19,TTT,CACAT,ACC,0.526,0.526,0.0,-0.4,0.857,0.6844
MMP9G4_00595,GGATTGGTCATGGCCAGG,18,ATT,TCAT,CCA,0.611,0.611,0.0,-1.8,0.769,0.093
MMP9G4_00596,GGTCCGGAAATTGGTTTGG,19,TCC,AAATT,TTT,0.632,0.632,0.0,-0.2,0.889,0.3787
MMP9G4_00597,GGACCGGTCCAGGCTTGG,18,ACC,TCCA,CTT,0.389,0.389,0.0,-1.0,0.692,0.3023
MMP9G4_00598,GGCACGGTCTATGGCTCGG,19,CAC,TCTAT,CTC,0.579,0.579,0.0,-0.9,0.6,0.6944
MMP9G4_00599,GGATCGGCTACTGGATGG,18,ATC,CTACT,AT,0.722,0.722,0.0,0.0,0.667,0.1096
MMP9G4_00600,GGAAGGATTACGGAACGG,18,AA,ATTAC,AAC,0.778,0.778,0.0,0.0,0.571,0.9502
MMP9G4_00601,GGCAAGGTACAGGAAGG,17,CAA,TACA,AA,0.824,0.824,0.0,0.0,0.583,0.6013
MMP9G4_00602,GGTAGGATCTGGATAGG,17,TA,ATCT,ATA,0.882,0.882,0.0,0.0,0.706,0.0598
MMP9G4_00603,GGCCAGGCAACGGTAAGG,18,CCA,CAAC,TAA,0.556,0.556,0.0,0.0,0.714,0.4983
MMP9G4_00604,GGTTCGGTTCCGGAAAGG,18,TTC,TTCC,AAA,0.611,0.611,0.0,0.0,0.875,0.598
MMP9G4_00605,GGCAGGTAAAGGTCAGG,17,CA,TAAA,TCA,0.824,0.824,0.0,0.0,0.588,0.2691
MMP9G4_00606,GGATAGGATCCAGGTTGG,18,ATA,ATCCA,TT,0.667,0.667,0.0,-1.7,0.667,0.1462
MMP9G4_00607,GGACGGCATCGGATAGG,17,AC,CATC,ATA,0.765,0.765,0.0,-0.6,0.588,0.2591
MMP9G4_00608,GGCCTGGTTAATGGTCCGG,19,CCT,TTAAT,TCC,0.421,0.421,0.0,-0.7,0.632,0.5648
MMP9G4_00609,GGCTGGTTCCTGGAACGG,18,CT,TTCCT,AAC,0.556,0.556,0.0,-1.2,0.667,0.3854
MMP9G4_00610,GGCACGGCATGGTCTGG,17,CAC,CAT,TCT,0.706,0.706,0.0,0.0,0.75,0.1262
MMP9G4_00611,GGTACGGCACAAGGATAGG,19,TAC,CACAA,ATA,0.684,0.684,0.0,0.0,0.714,0.7542
MMP9G4_00612,GGCCGGTCTAGGCAGG,16,CC,TCTA,CA,0.625,0.625,0.0,-1.7,0.625,0.0764
MMP9G4_00613,GGATTGGAAATCGGAAGG,18,ATT,AAATC,AA,0.833,0.833,0.0,-0.7,0.611,0.309
MMP9G4_00614,GGAATGGTTTGGAAGG,16,AAT,TTT,AA,1.0,1.0,0.0,0.0,0.688,0.1362
MMP9G4_00615,GGTCGGAAAAGGTTCGG,17,TC,AAAA,TTC,0.824,0.824,0.0,-0.3,0.647,0.1296
MMP9G4_00616,GGACAGGCACAAGGCAGG,18,ACA,CACAA,CA,0.667,0.667,0.0,-0.8,0.667,0.7143
MMP9G4_00617,GGATTGGTTCCTGGCTTGG,19,ATT,TTCCT,CTT,0.579,0.579,0.0,-0.8,0.737,0.0963
MMP9G4_00618,GGCACGGTCACTGGTCTGG,19,CAC,TCACT,TCT,0.579,0.579,0.0,0.0,0.875,0.3223
MMP9G4_00619,GGCCTGGATAAGGTCGG,17,CCT,ATAA,TC,0.647,0.647,0.0,-1.8,0.647,0.1262
MMP9G4_00620,GGCTCGGCAACTGGTAAGG,19,CTC,CAACT,TAA,0.632,0.632,0.0,0.0,0.75,0.588
MMP9G4_00621,GGCCAGGATCCAGGTATGG,19,CCA,ATCCA,TAT,0.421,0.421,0.0,-1.1,0.857,0.4252
MMP9G4_00622,GGCCAGGCACAGGTTGG,17,CCA,CACA,TT,0.588,0.588,0.0,-1.1,1.0,0.1561
MMP9G4_00623,GGAAAGGCTTTTGGACCGG,19,AAA,CTTTT,ACC,0.579,0.579,0.0,0.0,0.667,0.9502
MMP9G4_00624,GGTTCGGAACACGGTTAGG,19,TTC,AACAC,TTA,0.684,0.684,0.0,-0.5,0.632,0.3123
MMP9G4_00625,GGAAGGACTAGGTCCGG,17,AA,ACTA,TCC,0.647,0.647,0.0,-2.1,0.588,0.2658
MMP9G4_00626,GGATGGTACACGGTAAGG,18,AT,TACAC,TAA,0.778,0.778,0.0,0.0,0.611,0.2791
MMP9G4_00627,GGTTAGGCTATGGACGG,17,TTA,CTAT,AC,0.824,0.824,0.0,0.0,0.706,0.0598
MMP9G4_00628,GGCATGGCAACTGGACCGG,19,CAT,CAACT,ACC,0.474,0.474,0.0,0.0,0.714,0.7409
MMP9G4_00629,GGATAGGCTAACGGTAGG,18,ATA,CTAAC,TA,0.778,0.778,0.0,0.0,0.611,0.309
MMP9G4_00630,GGACGGTTACTGGTTAGG,18,AC,TTACT,TTA,0.778,0.778,0.0,0.0,0.667,0.2824
MMP9G4_00631,GGTAGGCCAACGGTTTGG,18,TA,CCAAC,TTT,0.611,0.611,0.0,-1.9,0.611,0.5914
MMP9G4_00632,GGACGGATTAGGCCAGG,17,AC,ATTA,CCA,0.647,0.647,0.0,-0.5,0.615,0.7309
MMP9G4_00633,GGTTCGGACACGGTAGG,17,TTC,ACAC,TA,0.765,0.765,0.0,-0.6,0.647,0.1429
MMP9G4_00634,GGAAGGCCAGGACCGG,16,AA,CCA,ACC,0.5,0.5,0.0,-0.3,0.545,0.4551
MMP9G4_00635,GGAAAGGCTCATGGTTCGG,19,AAA,CTCAT,TTC,0.684,0.684,0.0,0.0,0.714,0.3156
MMP9G4_00636,GGATAGGATTTAGGTATGG,19,ATA,ATTTA,TAT,0.842,0.842,0.0,0.0,0.684,0.2957
MMP9G4_00637,GGTTGGTTCAAGGACAGG,18,TT,TTCAA,ACA,0.778,0.778,0.0,0.0,1.0,0.2126
MMP9G4_00638,GGTTGGCCACTGGAAAGG,18,TT,CCACT,AAA,0.611,0.611,0.0,-0.4,1.0,0.2791
MMP9G4_00639,GGTCTGGACTTGGCTAGG,18,TCT,ACTT,CTA,0.722,0.722,0.0,0.0,0.769,0.3056
MMP9G4_00640,GGCATGGTCTTGGCAAGG,18,CAT,TCTT,CAA,0.722,0.722,0.0,-1.0,0.692,0.598
MMP9G4_00641,GGAATGGTAAGGCTTGG,17,AAT,TAA,CTT,0.882,0.882,0.0,0.0,0.706,0.0532
MMP9G4_00642,GGTTTGGATTGGTTAGG,17,TTT,ATT,TTA,0.941,0.941,0.0,0.0,0.765,0.1362
MMP9G4_00643,GGTCCGGCATAAGGTTGG,18,TCC,CATAA,TT,0.611,0.611,0.0,-0.2,0.667,0.1495
MMP9G4_00644,GGCAAGGTTAACGGTACGG,19,CAA,TTAAC,TAC,0.684,0.684,0.0,0.0,0.643,0.6246
MMP9G4_00645,GGTAGGCACCTGGACGG,17,TA,CACCT,AC,0.588,0.588,0.0,-1.0,0.588,0.309
MMP9G4_00646,GGACTGGATTCAGGTCAGG,19,ACT,ATTCA,TCA,0.684,0.684,0.0,-1.2,0.7,0.8405
MMP9G4_00647,GGTATGGCTTCCGGAACGG,19,TAT,CTTCC,AAC,0.526,0.526,0.0,-1.2,0.8,0.3056
MMP9G4_00648,GGACGGAATTAGGAATGG,18,AC,AATTA,AAT,0.833,0.833,0.0,0.0,0.7,0.7209
MMP9G4_00649,GGAACGGCTAGGCTAGG,17,AAC,CTA,CTA,0.765,0.765,0.0,0.0,0.583,0.8937
MMP9G4_00650,GGTAAGGATATCGGAATGG,19,TAA,ATATC,AAT,0.789,0.789,0.0,0.0,0.632,0.3355
MMP9G4_00651,GGCAAGGACACAGGCAAGG,19,CAA,ACACA,CAA,0.632,0.632,0.0,0.0,0.571,0.9369
MMP9G4_00652,GGCACGGTACAAGGTCGG,18,CAC,TACAA,TC,0.667,0.667,0.0,0.0,0.833,0.6279
MMP9G4_00653,GGTAAGGCATATGGACGG,18,TAA,CATAT,AC,0.778,0.778,0.0,0.0,0.611,0.3455
MMP9G4_00654,GGCTGGCTCAAGGTCTGG,18,CT,CTCAA,TCT,0.667,0.667,0.0,0.0,0.667,0.1296
MMP9G4_00655,GGTAGGTCTTTGGACTGG,18,TA,TCTTT,ACT,0.778,0.778,0.0,-1.1,0.733,0.3223
MMP9G4_00656,GGCAGGTTACCGGTACGG,18,CA,TTACC,TAC,0.556,0.556,0.0,-1.5,0.643,0.6977
MMP9G4_00657,GGCTTGGCACAAGGAAAGG,19,CTT,CACAA,AAA,0.684,0.684,0.0,-1.4,0.857,0.299
MMP9G4_00658,GGCTGGTAATTGGCTGG,17,CT,TAATT,CT,0.824,0.824,0.0,0.0,0.706,0.1628
MMP9G4_00659,GGTCAGGCCACCGGATAGG,19,TCA,CCACC,ATA,0.368,0.368,0.0,-0.5,0.714,0.7542
MMP9G4_00660,GGAACGGATTCCGGATCGG,19,AAC,ATTCC,ATC,0.526,0.526,0.0,-2.4,0.533,0.9369
MMP9G4_00661,GGTCTGGTTTGGACCGG,17,TCT,TTT,ACC,0.647,0.647,0.0,-2.9,0.833,0.1595
MMP9G4_00662,GGTCGGCCACAGGCAGG,17,TC,CCACA,CA,0.529,0.529,0.0,-1.5,0.833,0.3389
MMP9G4_00663,GGCTCGGTCATTGGACAGG,19,CTC,TCATT,ACA,0.632,0.632,0.0,-1.1,0.667,0.196
MMP9G4_00664,GGAACGGACAAGGACCGG,18,AAC,ACAA,ACC,0.556,0.556,0.0,-1.8,0.571,0.9601
MMP9G4_00665,GGCCAGGTTTCGGAATGG,18,CCA,TTTC,AAT,0.611,0.611,0.0,-0.2,0.692,0.5548
MMP9G4_00666,GGCAAGGTATTGGTTGG,17,CAA,TATT,TT,0.882,0.882,0.0,-1.1,0.833,0.186
MMP9G4_00667,GGTAAGGCAAAGGCTCGG,18,TAA,CAAA,CTC,0.722,0.722,0.0,-0.6,0.556,0.598
MMP9G4_00668,GGTACGGACATCGGTCAGG,19,TAC,ACATC,TCA,0.632,0.632,0.0,-1.1,0.579,0.6346
MMP9G4_00669,GGTCAGGAACGGCTCGG,17,TCA,AAC,CTC,0.706,0.706,0.0,0.0,0.588,0.2824
MMP9G4_00670,GGCCAGGACCACGGATGG,18,CCA,ACCAC,AT,0.389,0.389,0.0,-1.4,0.833,0.2458
MMP9G4_00671,GGAAGGCTCCAGGAACGG,18,AA,CTCCA,AAC,0.556,0.556,0.0,-1.1,0.667,0.9502
MMP9G4_00672,GGCCAGGACCGGATTGG,17,CCA,ACC,ATT,0.471,0.471,0.0,-0.2,0.667,0.3023
MMP9G4_00673,GGCAGGCTTTGGCACGG,17,CA,CTTT,CAC,0.706,0.706,0.0,-1.8,0.667,0.6312
MMP9G4_00674,GGAAGGTCATTGGACGG,17,AA,TCATT,AC,0.824,0.824,0.0,-1.1,0.588,0.6678
MMP9G4_00675,GGCATGGCCTCCGGACAGG,19,CAT,CCTCC,ACA,0.316,0.316,0.0,-1.4,0.714,0.7375
MMP9G4_00676,GGACGGCCATCGGCTCGG,18,AC,CCATC,CTC,0.444,0.444,0.0,-2.7,0.556,0.6146
MMP9G4_00677,GGTTAGGTAAAGGACTGG,18,TTA,TAAA,ACT,0.833,0.833,0.0,0.0,0.667,0.1196
MMP9G4_00678,GGTTAGGCATCTGGAAAGG,19,TTA,CATCT,AAA,0.737,0.737,0.0,0.0,0.714,0.2957
MMP9G4_00679,GGAAAGGCATACGGTAAGG,19,AAA,CATAC,TAA,0.737,0.737,0.0,0.0,0.714,0.7442
MMP9G4_00680,GGTTGGCTTTGGAAAGG,17,TT,CTTT,AAA,0.882,0.882,0.0,0.0,0.833,0.1628
MMP9G4_00681,GGCACGGTTCCTGGCTAGG,19,CAC,TTCCT,CTA,0.474,0.474,0.0,-0.8,0.667,0.1761
MMP9G4_00682,GGATTGGTAAGGAAAGG,17,ATT,TAA,AAA,0.941,0.941,0.0,0.0,0.75,0.1495
MMP9G4_00683,GGATAGGACAGGCAGG,16,ATA,ACA,CA,0.875,0.875,0.0,0.0,0.562,0.1827
MMP9G4_00684,GGCCGGTACCGGTTAGG,17,CC,TACC,TTA,0.471,0.471,0.0,-1.7,0.647,0.1262
MMP9G4_00685,GGTCAGGCTACAGGCATGG,19,TCA,CTACA,CAT,0.632,0.632,0.0,-1.8,0.579,0.6478
MMP9G4_00686,GGTATGGCTCTGGTCAGG,18,TAT,CTCT,TCA,0.722,0.722,0.0,-0.1,0.722,0.0532
MMP9G4_00687,GGTCCGGTATAAGGTATGG,19,TCC,TATAA,TAT,0.632,0.632,0.0,0.0,0.684,0.103
MMP9G4_00688,GGCATGGATAACGGACGG,18,CAT,ATAAC,AC,0.722,0.722,0.0,0.0,0.667,0.6512
MMP9G4_00689,GGCACGGTTACGGTACGG,18,CAC,TTAC,TAC,0.667,0.667,0.0,-0.8,0.692,0.3123
MMP9G4_00690,GGTTGGACATTGGCCGG,17,TT,ACATT,CC,0.647,0.647,0.0,-0.2,0.647,0.3654
MMP9G4_00691,GGTCTGGATCGGTCTGG,17,TCT,ATC,TCT,0.765,0.765,0.0,0.0,0.706,0.1362
MMP9G4_00692,GGTATGGAAATCGGCTGG,18,TAT,AAATC,CT,0.778,0.778,0.0,0.0,0.667,0.1362
MMP9G4_00693,GGAATGGCATATGGCAGG,18,AAT,CATAT,CA,0.778,0.778,0.0,-0.9,0.611,0.299
MMP9G4_00694,GGTCGGTCAATGGTACGG,18,TC,TCAAT,TAC,0.722,0.722,0.0,0.0,0.667,0.1296
MMP9G4_00695,GGCTTGGACAGGTTTGG,17,CTT,ACA,TTT,0.824,0.824,0.0,0.0,0.706,0.1561
MMP9G4_00696,GGATTGGCAACTGGATTGG,19,ATT,CAACT,ATT,0.737,0.737,0.0,-0.6,0.684,0.1096
MMP9G4_00697,GGAAGGCACCGGACGG,16,AA,CACC,AC,0.625,0.625,0.0,0.0,0.5,0.4419
MMP9G4_00698,GGTTTGGCTCAGGACCGG,18,TTT,CTCA,ACC,0.556,0.556,0.0,-0.5,0.778,0.6047
MMP9G4_00699,GGTTTGGTATCGGCCAGG,18,TTT,TATC,CCA,0.611,0.611,0.0,-1.5,0.769,0.3223
MMP9G4_00700,GGATCGGTATTCGGACCGG,19,ATC,TATTC,ACC,0.526,0.526,0.0,-2.5,0.6,0.6678
MMP9G4_00701,GGCAGGCTAGGCACGG,16,CA,CTA,CAC,0.75,0.75,0.0,-0.1,0.583,0.6545
MMP9G4_00702,GGAATGGCAATGGTAGG,17,AAT,CAAT,TA,0.882,0.882,0.0,0.0,0.647,0.113
MMP9G4_00703,GGAATGGCAAACGGATAGG,19,AAT,CAAAC,ATA,0.737,0.737,0.0,0.0,0.714,0.7342
MMP9G4_00704,GGAAAGGTATTGGAAAGG,18,AAA,TATT,AAA,0.889,0.889,0.0,0.0,0.6,0.7542
MMP9G4_00705,GGCAGGCCTTCGGATTGG,18,CA,CCTTC,ATT,0.556,0.556,0.0,0.0,0.611,0.5648
MMP9G4_00706,GGACTGGTATATGGTTGG,18,ACT,TATAT,TT,0.833,0.833,0.0,0.0,0.722,0.1063
MMP9G4_00707,GGACCGGACTGGAAAGG,17,ACC,ACT,AAA,0.647,0.647,0.0,-0.3,0.714,0.6346
MMP9G4_00708,GGCCTGGCATAGGAAAGG,18,CCT,CATA,AAA,0.611,0.611,0.0,-0.9,0.615,0.598
MMP9G4_00709,GGTATGGACAGGCTAGG,17,TAT,ACA,CTA,0.824,0.824,0.0,0.0,0.647,0.1063
MMP9G4_00710,GGTTTGGATCACGGAAGG,18,TTT,ATCAC,AA,0.778,0.778,0.0,0.0,0.778,0.6246
MMP9G4_00711,GGTTCGGTACCGGCCGG,17,TTC,TACC,CC,0.412,0.412,0.0,-2.5,0.647,0.1329
MMP9G4_00712,GGTAGGTCTTGGACAGG,17,TA,TCTT,ACA,0.824,0.824,0.0,-0.2,0.75,0.3023
MMP9G4_00713,GGAATGGCTCACGGAATGG,19,AAT,CTCAC,AAT,0.684,0.684,0.0,0.0,0.579,0.588
MMP9G4_00714,GGCAAGGATCTTGGTTTGG,19,CAA,ATCTT,TTT,0.737,0.737,0.0,-1.8,0.889,0.4086
MMP9G4_00715,GGTATGGAACCAGGTCTGG,19,TAT,AACCA,TCT,0.579,0.579,0.0,-1.4,0.632,0.3156
MMP9G4_00716,GGCATGGAATGGCAAGG,17,CAT,AAT,CAA,0.824,0.824,0.0,-2.3,0.667,0.309
MMP9G4_00717,GGCCGGCATCAGGATAGG,18,CC,CATCA,ATA,0.556,0.556,0.0,0.0,0.556,0.598
MMP9G4_00718,GGACCGGCTACAGGCTAGG,19,ACC,CTACA,CTA,0.474,0.474,0.0,-0.5,0.533,0.7375
MMP9G4_00719,GGTTTGGAAACGGCTCGG,18,TTT,AAAC,CTC,0.722,0.722,0.0,0.0,0.611,0.6179
MMP9G4_00720,GGACGGACAGGACGG,15,AC,ACA,AC,0.867,0.867,0.0,0.0,0.533,0.0598
MMP9G4_00721,GGACAGGCCATTGGCTCGG,19,ACA,CCATT,CTC,0.474,0.474,0.0,-1.5,0.667,0.7907
MMP9G4_00722,GGCTGGCATTAGGCATGG,18,CT,CATTA,CAT,0.722,0.722,0.0,-1.6,0.611,0.5482
MMP9G4_00723,GGCTGGCCTACGGTATGG,18,CT,CCTAC,TAT,0.556,0.556,0.0,0.0,0.667,0.1196
MMP9G4_00724,GGCAAGGACTTAGGTAGG,18,CAA,ACTTA,TA,0.778,0.778,0.0,0.0,0.833,0.897
MMP9G4_00725,GGAATGGATCCTGGTATGG,19,AAT,ATCCT,TAT,0.632,0.632,0.0,-1.1,0.684,0.1063
MMP9G4_00726,GGCCGGCACATGGTCGG,17,CC,CACAT,TC,0.529,0.529,0.0,-2.6,0.857,0.309
MMP9G4_00727,GGCTCGGCCTTTGGCCTGG,19,CTC,CCTTT,CCT,0.316,0.316,0.0,-3.0,0.632,0.5515
MMP9G4_00728,GGCACGGTCTCAGGAAAGG,19,CAC,TCTCA,AAA,0.632,0.632,0.0,0.0,0.625,0.9369
MMP9G4_00729,GGAAAGGTTCTGGTTAGG,18,AAA,TTCT,TTA,0.833,0.833,0.0,0.0,0.769,0.2957
MMP9G4_00730,GGACCGGCTTTAGGACTGG,19,ACC,CTTTA,ACT,0.526,0.526,0.0,-0.3,0.7,0.8405
MMP9G4_00731,GGACCGGATTATGGATTGG,19,ACC,ATTAT,ATT,0.632,0.632,0.0,-0.3,0.667,0.3289
MMP9G4_00732,GGCAGGTCTAAGGCACGG,18,CA,TCTAA,CAC,0.667,0.667,0.0,-0.1,0.667,0.5814
MMP9G4_00733,GGATGGTATTGGTCAGG,17,AT,TATT,TCA,0.882,0.882,0.0,0.0,0.706,0.1163
MMP9G4_00734,GGCCAGGCATACGGCTCGG,19,CCA,CATAC,CTC,0.421,0.421,0.0,-2.0,0.714,0.9203
MMP9G4_00735,GGAAAGGCCTTCGGCTGG,18,AAA,CCTTC,CT,0.556,0.556,0.0,-1.5,0.833,0.8738
MMP9G4_00736,GGATAGGATCCGGACCGG,18,ATA,ATCC,ACC,0.444,0.444,0.0,-1.7,0.615,0.5847
MMP9G4_00737,GGTTCGGTAAACGGAAGG,18,TTC,TAAAC,AA,0.778,0.778,0.0,-0.5,0.875,0.3256
MMP9G4_00738,GGAACGGTACTCGGTCAGG,19,AAC,TACTC,TCA,0.632,0.632,0.0,-2.1,0.643,0.6412
MMP9G4_00739,GGTCAGGACCGGTAGG,16,TCA,ACC,TA,0.688,0.688,0.0,-0.9,0.625,0.0731
MMP9G4_00740,GGTTTGGCCTCGGTCTGG,18,TTT,CCTC,TCT,0.556,0.556,0.0,0.0,0.722,0.0864
MMP9G4_00741,GGAAGGACTAAGGCCTGG,18,AA,ACTAA,CCT,0.611,0.611,0.0,-1.1,0.556,0.6213
MMP9G4_00742,GGCTTGGAATATGGTACGG,19,CTT,AATAT,TAC,0.737,0.737,0.0,0.0,0.684,0.1063
MMP9G4_00743,GGTAAGGTTAGGTCGG,16,TAA,TTA,TC,0.938,0.938,0.0,0.0,0.688,0.1395
MMP9G4_00744,GGTTAGGACTACGGTCTGG,19,TTA,ACTAC,TCT,0.684,0.684,0.0,-1.1,0.684,0.1196
MMP9G4_00745,GGCTAGGAAACAGGAATGG,19,CTA,AAACA,AAT,0.737,0.737,0.0,0.0,0.714,0.7309
MMP9G4_00746,GGTTGGAAAGGCAAGG,16,TT,AAA,CAA,0.938,0.938,0.0,0.0,0.727,0.0764
MMP9G4_00747,GGAAAGGATTTAGGCTCGG,19,AAA,ATTTA,CTC,0.737,0.737,0.0,0.0,0.643,0.8472
MMP9G4_00748,GGCCTGGTCTCGGATAGG,18,CCT,TCTC,ATA,0.556,0.556,0.0,0.0,0.667,0.1429
MMP9G4_00749,GGCCGGTAATGGACGG,16,CC,TAAT,AC,0.688,0.688,0.0,-1.6,0.625,0.0565
MMP9G4_00750,GGAAGGATATGGCATGG,17,AA,ATAT,CAT,0.882,0.882,0.0,0.0,0.647,0.1163
MMP9G4_00751,GGAAAGGTTTACGGTCTGG,19,AAA,TTTAC,TCT,0.737,0.737,0.0,0.0,0.688,0.3987
MMP9G4_00752,GGTTTGGAACCTGGTAAGG,19,TTT,AACCT,TAA,0.632,0.632,0.0,-1.6,0.632,0.5748
MMP9G4_00753,GGATTGGTTATAGGCCAGG,19,ATT,TTATA,CCA,0.632,0.632,0.0,-1.4,0.688,0.4219
MMP9G4_00754,GGCTAGGCCTTGGTCGG,17,CTA,CCTT,TC,0.588,0.588,0.0,-1.4,0.647,0.3355
MMP9G4_00755,GGACGGCACTCGGTCGG,17,AC,CACTC,TC,0.647,0.647,0.0,-1.2,0.588,0.309
MMP9G4_00756,GGAAGGTTCGGAATGG,16,AA,TTC,AAT,0.938,0.938,0.0,0.0,0.75,0.1628
MMP9G4_00757,GGAAGGATTACGGCAGG,17,AA,ATTAC,CA,0.824,0.824,0.0,0.0,0.529,0.9037
MMP9G4_00758,GGTAGGATAGGATAGG,16,TA,ATA,ATA,1.0,1.0,0.0,0.0,0.625,0.3223
MMP9G4_00759,GGAATGGCCTAGGACTGG,18,AAT,CCTA,ACT,0.611,0.611,0.0,0.0,0.611,0.2625
MMP9G4_00760,GGCCTGGTACACGGCTGG,18,CCT,TACAC,CT,0.5,0.5,0.0,-1.7,0.611,0.3256
MMP9G4_00761,GGCAAGGCCTCTGGTAGG,18,CAA,CCTCT,TA,0.556,0.556,0.0,-1.4,0.778,0.3023
MMP9G4_00762,GGCCGGTCCGGAACGG,16,CC,TCC,AAC,0.438,0.438,0.0,-1.7,0.636,0.2027
MMP9G4_00763,GGATAGGTTCGGCAGG,16,ATA,TTC,CA,0.875,0.875,0.0,0.0,0.625,0.2458
MMP9G4_00764,GGCACGGCCACCGGAAAGG,19,CAC,CCACC,AAA,0.316,0.316,0.0,-1.9,0.571,0.9369
MMP9G4_00765,GGTCAGGCATCCGGACGG,18,TCA,CATCC,AC,0.5,0.5,0.0,-1.9,0.556,0.691
MMP9G4_00766,GGACGGTTTCGGATCGG,17,AC,TTTC,ATC,0.765,0.765,0.0,-0.6,0.647,0.3488
MMP9G4_00767,GGACCGGTCCTAGGCATGG,19,ACC,TCCTA,CAT,0.368,0.368,0.0,-0.5,0.643,0.6113
MMP9G4_00768,GGTTCGGCTAGGAAAGG,17,TTC,CTA,AAA,0.824,0.824,0.0,0.0,0.667,0.6478
MMP9G4_00769,GGACCGGAAAGGACTGG,17,ACC,AAA,ACT,0.647,0.647,0.0,-0.3,0.714,0.6213
MMP9G4_00770,GGTATGGCCTGGCCAGG,17,TAT,CCT,CCA,0.471,0.471,0.0,-2.7,0.75,0.1262
MMP9G4_00771,GGAAAGGAACCGGCATGG,18,AAA,AACC,CAT,0.611,0.611,0.0,-0.2,0.714,0.515
MMP9G4_00772,GGTCAGGTCCTGGAAGG,17,TCA,TCCT,AA,0.647,0.647,0.0,-0.3,0.647,0.0997
MMP9G4_00773,GGATGGATCTCGGTACGG,18,AT,ATCTC,TAC,0.722,0.722,0.0,0.0,0.667,0.103
MMP9G4_00774,GGAAGGAATGGAACGG,16,AA,AAT,AAC,0.938,0.938,0.0,0.0,0.636,0.1894
MMP9G4_00775,GGAACGGACCAGGTTCGG,18,AAC,ACCA,TTC,0.556,0.556,0.0,-1.3,0.857,0.3953
MMP9G4_00776,GGCAAGGATTTTGGACGG,18,CAA,ATTTT,AC,0.778,0.778,0.0,-0.5,0.6,0.907
MMP9G4_00777,GGAAAGGACACAGGTTCGG,19,AAA,ACACA,TTC,0.684,0.684,0.0,0.0,0.857,0.299
MMP9G4_00778,GGTAGGTTTCCGGCCAGG,18,TA,TTTCC,CCA,0.444,0.444,0.0,-0.8,0.778,0.5581
MMP9G4_00779,GGTCCGGCCTCGGCAGG,17,TCC,CCTC,CA,0.353,0.353,0.0,-2.1,0.588,0.309
MMP9G4_00780,GGATTGGCACGGCCGG,16,ATT,CAC,CC,0.625,0.625,0.0,-1.6,0.625,0.0698
MMP9G4_00781,GGTCGGAAAACGGAAGG,17,TC,AAAAC,AA,0.824,0.824,0.0,-0.5,0.833,0.3389
MMP9G4_00782,GGAAGGAAAGGCCGG,15,AA,AAA,CC,0.8,0.8,0.0,-0.1,0.533,0.0598
MMP9G4_00783,GGTTGGTACTTGGCAGG,17,TT,TACTT,CA,0.824,0.824,0.0,-0.3,0.706,0.1429
MMP9G4_00784,GGAAGGTCCAGGCTTGG,17,AA,TCCA,CTT,0.647,0.647,0.0,-1.0,0.647,0.0731
MMP9G4_00785,GGTCAGGTTAGGATGG,16,TCA,TTA,AT,0.938,0.938,0.0,0.0,0.688,0.1628
MMP9G4_00786,GGTCGGTACTTGGCATGG,18,TC,TACTT,CAT,0.722,0.722,0.0,0.0,0.667,0.2791
MMP9G4_00787,GGTTTGGTTACGGCATGG,18,TTT,TTAC,CAT,0.778,0.778,0.0,0.0,0.889,0.515
MMP9G4_00788,GGATGGAATTGGATAGG,17,AT,AATT,ATA,0.941,0.941,0.0,0.0,0.647,0.3455
MMP9G4_00789,GGACTGGATATCGGTCGG,18,ACT,ATATC,TC,0.722,0.722,0.0,-1.7,0.667,0.1329
MMP9G4_00790,GGACAGGCCACGGTCGG,17,ACA,CCAC,TC,0.529,0.529,0.0,-1.1,0.833,0.3156
MMP9G4_00791,GGACTGGCCTGGCCGG,16,ACT,CCT,CC,0.438,0.438,0.0,-2.3,0.625,0.0897
MMP9G4_00792,GGACGGCTTGGTCGG,15,AC,CTT,TC,0.867,0.867,0.0,-0.5,0.667,0.1362
MMP9G4_00793,GGCTGGATTATGGTTCGG,18,CT,ATTAT,TTC,0.778,0.778,0.0,0.0,0.722,0.1229
MMP9G4_00794,GGTAAGGAACTGGTATGG,18,TAA,AACT,TAT,0.833,0.833,0.0,0.0,0.667,0.1296
MMP9G4_00795,GGAACGGCCATAGGTAGG,18,AAC,CCATA,TA,0.611,0.611,0.0,-0.2,0.833,0.6379
MMP9G4_00796,GGCACGGCTAACGGACTGG,19,CAC,CTAAC,ACT,0.579,0.579,0.0,-0.7,0.714,0.7708
MMP9G4_00797,GGAAGGCATCCGGATAGG,18,AA,CATCC,ATA,0.611,0.611,0.0,-1.4,0.556,0.598
MMP9G4_00798,GGTTGGCATACGGCCTGG,18,TT,CATAC,CCT,0.556,0.556,0.0,-2.3,0.667,0.1163
MMP9G4_00799,GGCTAGGACAAGGTATGG,18,CTA,ACAA,TAT,0.778,0.778,0.0,0.0,0.611,0.2824
MMP9G4_00800,GGTCGGCATCGGAAGG,16,TC,CATC,AA,0.812,0.812,0.0,-0.4,0.625,0.0864
MMP9G4_00801,GGTAGGAATCAGGTAGG,17,TA,AATCA,TA,0.882,0.882,0.0,0.0,0.647,0.1362
MMP9G4_00802,GGCAGGCACTAGGCAGG,17,CA,CACTA,CA,0.706,0.706,0.0,-0.8,0.529,0.5914
MMP9G4_00803,GGCTCGGCTAAAGGTCAGG,19,CTC,CTAAA,TCA,0.632,0.632,0.0,0.0,0.579,0.6246
MMP9G4_00804,GGATGGTTACGGTTCGG,17,AT,TTAC,TTC,0.824,0.824,0.0,0.0,0.706,0.1329
MMP9G4_00805,GGATGGTTTAGGCTCGG,17,AT,TTTA,CTC,0.824,0.824,0.0,0.0,0.706,0.1296
MMP9G4_00806,GGTTAGGCCACCGGAACGG,19,TTA,CCACC,AAC,0.368,0.368,0.0,-1.8,0.857,0.3289
MMP9G4_00807,GGCCGGTCTATGGTAGG,17,CC,TCTAT,TA,0.647,0.647,0.0,-0.4,0.647,0.3621
MMP9G4_00808,GGATTGGTTAAGGAAGG,17,ATT,TTAA,AA,0.941,0.941,0.0,0.0,0.647,0.3821
MMP9G4_00809,GGTCTGGTACCAGGACGG,18,TCT,TACCA,AC,0.556,0.556,0.0,-1.3,0.875,0.1728
MMP9G4_00810,GGCAAGGACTTGGTAGG,17,CAA,ACTT,TA,0.824,0.824,0.0,-0.5,0.778,0.6379
MMP9G4_00811,GGTTTGGTCTGGACAGG,17,TTT,TCT,ACA,0.824,0.824,0.0,0.0,0.833,0.1794
MMP9G4_00812,GGAAGGACTCGGCCGG,16,AA,ACTC,CC,0.625,0.625,0.0,0.0,0.562,0.186
MMP9G4_00813,GGTCGGATTGGTAAGG,16,TC,ATT,TAA,0.938,0.938,0.0,0.0,0.688,0.113
MMP9G4_00814,GGTAAGGCTTGGACGG,16,TAA,CTT,AC,0.875,0.875,0.0,0.0,0.75,0.1761
MMP9G4_00815,GGCAGGCTTCTGGATGG,17,CA,CTTCT,AT,0.765,0.765,0.0,-1.2,0.647,0.3189
MMP9G4_00816,GGCTTGGCACGGCCAGG,17,CTT,CAC,CCA,0.529,0.529,0.0,-2.6,0.667,0.3123
MMP9G4_00817,GGATGGATAGGTTGG,15,AT,ATA,TT,1.067,1.067,0.0,0.0,0.733,0.0598
MMP9G4_00818,GGTACGGCAAGGCAGG,16,TAC,CAA,CA,0.812,0.812,0.0,0.0,0.562,0.1927
MMP9G4_00819,GGTTGGAACGGAACGG,16,TT,AAC,AAC,0.875,0.875,0.0,0.0,0.727,0.0764
MMP9G4_00820,GGTTAGGAACTCGGATGG,18,TTA,AACTC,AT,0.778,0.778,0.0,0.0,0.667,0.1296
MMP9G4_00821,GGACGGCTACCGGAAGG,17,AC,CTACC,AA,0.588,0.588,0.0,-1.6,0.529,0.5714
MMP9G4_00822,GGCAGGATACTGGAAGG,17,CA,ATACT,AA,0.824,0.824,0.0,-1.4,0.588,0.3322
MMP9G4_00823,GGCAGGAAACAGGACGG,17,CA,AAACA,AC,0.765,0.765,0.0,0.0,0.667,0.7774
MMP9G4_00824,GGAATGGATTGGTTCGG,17,AAT,ATT,TTC,0.882,0.882,0.0,0.0,0.706,0.1628
MMP9G4_00825,GGAAGGCACAGGCAGG,16,AA,CACA,CA,0.812,0.812,0.0,-0.6,0.5,0.4419
MMP9G4_00826,GGAAGGTTTTGGCCTGG,17,AA,TTTT,CCT,0.706,0.706,0.0,-1.4,0.647,0.5947
MMP9G4_00827,GGACCGGTTTGGTCGG,16,ACC,TTT,TC,0.688,0.688,0.0,-2.9,0.818,0.1163
MMP9G4_00828,GGACAGGAAATGGTTGG,17,ACA,AAAT,TT,0.882,0.882,0.0,0.0,1.0,0.1229
MMP9G4_00829,GGTCGGTCACGGTAAGG,17,TC,TCAC,TAA,0.765,0.765,0.0,-0.6,0.647,0.113
MMP9G4_00830,GGAAAGGCACCGGCAGG,17,AAA,CACC,CA,0.588,0.588,0.0,-0.6,0.667,0.7209
MMP9G4_00831,GGCATGGAATTTGGTTCGG,19,CAT,AATTT,TTC,0.737,0.737,0.0,-0.2,0.684,0.2193
MMP9G4_00832,GGACAGGTCCAGGTTGG,17,ACA,TCCA,TT,0.647,0.647,0.0,-0.8,0.75,0.1395
MMP9G4_00833,GGTAGGTAAACGGCACGG,18,TA,TAAAC,CAC,0.722,0.722,0.0,0.0,0.857,0.2193
MMP9G4_00834,GGTCGGCTATCGGTAGG,17,TC,CTATC,TA,0.765,0.765,0.0,-0.3,0.706,0.0532
MMP9G4_00835,GGCACGGTCAGGACCGG,17,CAC,TCA,ACC,0.529,0.529,0.0,-3.0,0.714,0.6146
MMP9G4_00836,GGCATGGATAAAGGACAGG,19,CAT,ATAAA,ACA,0.737,0.737,0.0,0.0,0.667,0.5083
MMP9G4_00837,GGCACGGCTAGGTAAGG,17,CAC,CTA,TAA,0.765,0.765,0.0,0.0,0.667,0.289
MMP9G4_00838,GGTTTGGCAAGGCTGG,16,TTT,CAA,CT,0.875,0.875,0.0,0.0,0.688,0.1694
MMP9G4_00839,GGCTCGGATTTGGTTAGG,18,CTC,ATTT,TTA,0.778,0.778,0.0,0.0,0.722,0.0897
MMP9G4_00840,GGTCGGATATTGGAAGG,17,TC,ATATT,AA,0.882,0.882,0.0,0.0,0.647,0.3821
MMP9G4_00841,GGACAGGTACTGGTCCGG,18,ACA,TACT,TCC,0.556,0.556,0.0,-2.3,0.692,0.3223
MMP9G4_00842,GGTAGGCACCGGTAAGG,17,TA,CACC,TAA,0.647,0.647,0.0,-1.3,0.588,0.3023
MMP9G4_00843,GGCTGGCTCCGGACAGG,17,CT,CTCC,ACA,0.529,0.529,0.0,-2.1,0.667,0.2558
MMP9G4_00844,GGCAGGTCATCGGTAGG,17,CA,TCATC,TA,0.765,0.765,0.0,0.0,0.647,0.1196
MMP9G4_00845,GGTTGGATCTGGACCGG,17,TT,ATCT,ACC,0.647,0.647,0.0,-0.6,0.833,0.0532
MMP9G4_00846,GGTTTGGTCATTGGACGG,18,TTT,TCATT,AC,0.778,0.778,0.0,-1.1,0.733,0.2027
MMP9G4_00847,GGACGGAACCAGGAAAGG,18,AC,AACCA,AAA,0.611,0.611,0.0,0.0,0.667,0.6711
MMP9G4_00848,GGATGGACCTTGGCAGG,17,AT,ACCTT,CA,0.647,0.647,0.0,-0.9,0.588,0.6645
MMP9G4_00849,GGTAGGATCAGGCATGG,17,TA,ATCA,CAT,0.824,0.824,0.0,0.0,0.647,0.1163
MMP9G4_00850,GGTATGGACCTGGCAGG,17,TAT,ACCT,CA,0.647,0.647,0.0,-1.1,0.647,0.113
MMP9G4_00851,GGAAGGAACTCGGAATGG,18,AA,AACTC,AAT,0.778,0.778,0.0,0.0,0.667,0.608
MMP9G4_00852,GGATCGGTAACCGGTCTGG,19,ATC,TAACC,TCT,0.526,0.526,0.0,-2.6,0.632,0.3422
MMP9G4_00853,GGCTGGTAAAAGGCCTGG,18,CT,TAAAA,CCT,0.611,0.611,0.0,-1.4,0.611,0.2525
MMP9G4_00854,GGCTCGGAATCGGTAGG,17,CTC,AATC,TA,0.765,0.765,0.0,-0.4,0.647,0.1229
MMP9G4_00855,GGTTGGACAACGGACGG,17,TT,ACAAC,AC,0.765,0.765,0.0,0.0,1.0,0.1362
MMP9G4_00856,GGATCGGATTAGGCTGG,17,ATC,ATTA,CT,0.824,0.824,0.0,0.0,0.647,0.3389
MMP9G4_00857,GGACCGGAAATTGGACAGG,19,ACC,AAATT,ACA,0.579,0.579,0.0,-0.3,0.667,0.515
MMP9G4_00858,GGTTGGTTTCTGGCAAGG,18,TT,TTTCT,CAA,0.778,0.778,0.0,-0.9,0.733,0.3322
MMP9G4_00859,GGACGGCTTTAGGTTGG,17,AC,CTTTA,TT,0.824,0.824,0.0,0.0,0.706,0.1362
MMP9G4_00860,GGTAAGGCAAGGCCTGG,17,TAA,CAA,CCT,0.647,0.647,0.0,-2.5,0.588,0.2957
MMP9G4_00861,GGTAAGGCAAAGGTATGG,18,TAA,CAAA,TAT,0.833,0.833,0.0,0.0,0.611,0.309
MMP9G4_00862,GGTAGGTTCAGGACTGG,17,TA,TTCA,ACT,0.824,0.824,0.0,0.0,0.647,0.3023
MMP9G4_00863,GGAAGGTACCAGGTCTGG,18,AA,TACCA,TCT,0.611,0.611,0.0,-0.8,0.611,0.2691
MMP9G4_00864,GGTTAGGCCTTTGGACAGG,19,TTA,CCTTT,ACA,0.579,0.579,0.0,-0.2,0.667,0.392
MMP9G4_00865,GGTAGGACAAGGTCGG,16,TA,ACAA,TC,0.875,0.875,0.0,-0.2,0.625,0.093
MMP9G4_00866,GGCCGGCCAAGGTTGG,16,CC,CCAA,TT,0.5,0.5,0.0,-0.6,0.625,0.0997
MMP9G4_00867,GGCCAGGTATTAGGATAGG,19,CCA,TATTA,ATA,0.632,0.632,0.0,0.0,0.643,0.8306
MMP9G4_00868,GGCTCGGACCGGACGG,16,CTC,ACC,AC,0.562,0.562,0.0,0.0,0.562,0.1827
MMP9G4_00869,GGTCCGGATTGGAACGG,17,TCC,ATT,AAC,0.647,0.647,0.0,-2.1,0.75,0.1296
MMP9G4_00870,GGCTTGGAATTGGTCTGG,18,CTT,AATT,TCT,0.778,0.778,0.0,0.0,0.722,0.0997
MMP9G4_00871,GGATGGACACTGGTATGG,18,AT,ACACT,TAT,0.778,0.778,0.0,0.0,0.667,0.0963
MMP9G4_00872,GGAAGGATTAGGAAGG,16,AA,ATTA,AA,1.0,1.0,0.0,0.0,0.562,0.5714
MMP9G4_00873,GGACCGGAACTTGGTTGG,18,ACC,AACTT,TT,0.611,0.611,0.0,-1.3,0.889,0.2359
MMP9G4_00874,GGTACGGTCATCGGCAGG,18,TAC,TCATC,CA,0.667,0.667,0.0,-0.5,0.611,0.3355
MMP9G4_00875,GGTAGGATTAGGCTCGG,17,TA,ATTA,CTC,0.824,0.824,0.0,0.0,0.647,0.3322
MMP9G4_00876,GGAAGGTTATCGGTAAGG,18,AA,TTATC,TAA,0.833,0.833,0.0,0.0,0.611,0.6146
MMP9G4_00877,GGCTCGGACTTGGCTCGG,18,CTC,ACTT,CTC,0.611,0.611,0.0,0.0,0.611,0.5914
MMP9G4_00878,GGTATGGCAATCGGAACGG,19,TAT,CAATC,AAC,0.684,0.684,0.0,0.0,0.857,0.4186
MMP9G4_00879,GGTACGGACATGGTCGG,17,TAC,ACAT,TC,0.765,0.765,0.0,-0.5,0.647,0.1196
MMP9G4_00880,GGCTGGAAATCGGAAGG,17,CT,AAATC,AA,0.824,0.824,0.0,0.0,0.588,0.3023
MMP9G4_00881,GGACCGGACTCGGAATGG,18,ACC,ACTC,AAT,0.556,0.556,0.0,-2.4,0.667,0.6013
MMP9G4_00882,GGCTTGGCAAAGGCTGG,17,CTT,CAAA,CT,0.765,0.765,0.0,-2.5,0.647,0.1296
MMP9G4_00883,GGTCCGGATATCGGCAGG,18,TCC,ATATC,CA,0.556,0.556,0.0,-2.0,0.611,0.3123
MMP9G4_00884,GGTATGGCATTAGGTCTGG,19,TAT,CATTA,TCT,0.737,0.737,0.0,0.0,0.684,0.2691
MMP9G4_00885,GGCCGGCACTAGGTCAGG,18,CC,CACTA,TCA,0.5,0.5,0.0,-0.2,0.667,0.608
MMP9G4_00886,GGACTGGATTAGGACGG,17,ACT,ATTA,AC,0.824,0.824,0.0,0.0,0.692,0.4618
MMP9G4_00887,GGTAGGAATAAGGCTGG,17,TA,AATAA,CT,0.882,0.882,0.0,0.0,0.647,0.103
MMP9G4_00888,GGACCGGATCGGTTGG,16,ACC,ATC,TT,0.688,0.688,0.0,-2.6,0.75,0.3555
MMP9G4_00889,GGACAGGATTGGACCGG,17,ACA,ATT,ACC,0.647,0.647,0.0,-0.5,0.667,0.3056
MMP9G4_00890,GGCACGGCCACGGACGG,17,CAC,CCAC,AC,0.471,0.471,0.0,-1.7,0.667,0.7209
MMP9G4_00891,GGCAAGGTCCGGTTCGG,17,CAA,TCC,TTC,0.588,0.588,0.0,-1.2,0.75,0.0997
MMP9G4_00892,GGATAGGCAACCGGCTGG,18,ATA,CAACC,CT,0.556,0.556,0.0,-1.4,0.833,0.6312
MMP9G4_00893,GGTCGGTCATCGGACGG,17,TC,TCATC,AC,0.706,0.706,0.0,-1.4,0.647,0.1229
MMP9G4_00894,GGCCGGATTAGGCTTGG,17,CC,ATTA,CTT,0.647,0.647,0.0,-1.7,0.647,0.309
MMP9G4_00895,GGCAAGGTTAAGGAAAGG,18,CAA,TTAA,AAA,0.833,0.833,0.0,0.0,0.667,0.608
MMP9G4_00896,GGTTCGGCTTGGATGG,16,TTC,CTT,AT,0.875,0.875,0.0,0.0,0.75,0.0698
MMP9G4_00897,GGCAGGATATTGGAAAGG,18,CA,ATATT,AAA,0.833,0.833,0.0,0.0,0.6,0.7209
MMP9G4_00898,GGCTGGCCATGGCTCGG,17,CT,CCAT,CTC,0.529,0.529,0.0,0.0,0.647,0.113
MMP9G4_00899,GGATGGCACACGGCCGG,17,AT,CACAC,CC,0.529,0.529,0.0,-2.4,0.833,0.3488
MMP9G4_00900,GGAACGGCCTGGTAAGG,17,AAC,CCT,TAA,0.647,0.647,0.0,-1.0,0.667,0.3189
MMP9G4_00901,GGACCGGCAAGGACGG,16,ACC,CAA,AC,0.625,0.625,0.0,-2.3,0.545,0.4352
MMP9G4_00902,GGACGGCCAAAGGACGG,17,AC,CCAAA,AC,0.588,0.588,0.0,-2.4,0.667,0.7774
MMP9G4_00903,GGAAGGCCATGGTTTGG,17,AA,CCAT,TTT,0.706,0.706,0.0,-0.9,0.647,0.3322
MMP9G4_00904,GGTATGGCACAGGCCGG,17,TAT,CACA,CC,0.588,0.588,0.0,-2.5,0.857,0.2857
MMP9G4_00905,GGCAGGACTTTGGTCGG,17,CA,ACTTT,TC,0.765,0.765,0.0,-1.1,0.647,0.3821
MMP9G4_00906,GGATAGGTACAGGTCGG,17,ATA,TACA,TC,0.824,0.824,0.0,0.0,0.647,0.113
MMP9G4_00907,GGCATGGATCACGGCACGG,19,CAT,ATCAC,CAC,0.579,0.579,0.0,0.0,0.667,0.5083
MMP9G4_00908,GGATAGGTCTATGGCAGG,18,ATA,TCTAT,CA,0.778,0.778,0.0,0.0,0.611,0.5615
MMP9G4_00909,GGCTGGCTTCGGATGG,16,CT,CTTC,AT,0.812,0.812,0.0,0.0,0.688,0.1196
MMP9G4_00910,GGACTGGCCTGGTTTGG,17,ACT,CCT,TTT,0.647,0.647,0.0,0.0,0.706,0.1462
MMP9G4_00911,GGATTGGTTTGGAATGG,17,ATT,TTT,AAT,0.941,0.941,0.0,0.0,0.765,0.0731
MMP9G4_00912,GGCCAGGCCATCGGTTCGG,19,CCA,CCATC,TTC,0.316,0.316,0.0,-1.7,0.857,0.598
MMP9G4_00913,GGCAAGGTCACAGGCTGG,18,CAA,TCACA,CT,0.667,0.667,0.0,0.0,0.833,0.6512
MMP9G4_00914,GGTAGGTCCTGGTCCGG,17,TA,TCCT,TCC,0.471,0.471,0.0,0.0,0.706,0.0565
MMP9G4_00915,GGTAGGCTACGGCCGG,16,TA,CTAC,CC,0.625,0.625,0.0,-2.5,0.625,0.0731
MMP9G4_00916,GGCAGGCTCTGGCTAGG,17,CA,CTCT,CTA,0.706,0.706,0.0,-2.4,0.647,0.1196
MMP9G4_00917,GGCCGGTCCTGGTACGG,17,CC,TCCT,TAC,0.412,0.412,0.0,-1.4,0.647,0.113
MMP9G4_00918,GGTCTGGTACCGGATAGG,18,TCT,TACC,ATA,0.611,0.611,0.0,-1.3,0.667,0.1163
MMP9G4_00919,GGCTCGGATAGGATAGG,17,CTC,ATA,ATA,0.824,0.824,0.0,0.0,0.588,0.6179
MMP9G4_00920,GGCTGGTTCATGGCTGG,17,CT,TTCAT,CT,0.765,0.765,0.0,0.0,0.706,0.1495
MMP9G4_00921,GGCCAGGCATTCGGATGG,18,CCA,CATTC,AT,0.556,0.556,0.0,-0.6,0.833,0.8738
MMP9G4_00922,GGCTCGGCTCATGGCTGG,18,CTC,CTCAT,CT,0.611,0.611,0.0,-1.2,0.667,0.1096
MMP9G4_00923,GGCAGGAATCCGGCAGG,17,CA,AATCC,CA,0.588,0.588,0.0,-1.4,0.529,0.608
MMP9G4_00924,GGCACGGACACGGCAGG,17,CAC,ACAC,CA,0.647,0.647,0.0,-1.8,0.667,0.7209
MMP9G4_00925,GGCAGGATAGGTCGG,15,CA,ATA,TC,0.933,0.933,0.0,0.0,0.6,0.309
MMP9G4_00926,GGAAGGAAAAGGACAGG,17,AA,AAAA,ACA,0.882,0.882,0.0,0.0,0.667,0.794
MMP9G4_00927,GGCCTGGCTCGGAAAGG,17,CCT,CTC,AAA,0.588,0.588,0.0,-0.1,0.667,0.3189
MMP9G4_00928,GGTACGGCTTGGATCGG,17,TAC,CTT,ATC,0.765,0.765,0.0,0.0,0.75,0.3488
MMP9G4_00929,GGCTGGCCATCGGCTGG,17,CT,CCATC,CT,0.529,0.529,0.0,-1.5,0.647,0.103
MMP9G4_00930,GGCAGGCCAACGGTTGG,17,CA,CCAAC,TT,0.588,0.588,0.0,-1.6,1.0,0.1163
MMP9G4_00931,GGTCCGGCCTAGGACGG,17,TCC,CCTA,AC,0.412,0.412,0.0,-2.2,0.588,0.309
MMP9G4_00932,GGCATGGACCTTGGACGG,18,CAT,ACCTT,AC,0.556,0.556,0.0,0.0,0.643,0.6977
MMP9G4_00933,GGCAGGTTCGGTAGG,15,CA,TTC,TA,0.933,0.933,0.0,0.0,0.667,0.1661
MMP9G4_00934,GGCAGGTTTTGGTCGG,16,CA,TTTT,TC,0.875,0.875,0.0,0.0,0.688,0.3821
MMP9G4_00935,GGATGGCCTCGGTCAGG,17,AT,CCTC,TCA,0.588,0.588,0.0,-0.5,0.647,0.1063
MMP9G4_00936,GGCCAGGTATCGGAAGG,17,CCA,TATC,AA,0.647,0.647,0.0,0.0,0.667,0.3223
MMP9G4_00937,GGACGGTTAACGGTTGG,17,AC,TTAAC,TT,0.824,0.824,0.0,-0.7,0.647,0.3289
MMP9G4_00938,GGCAGGCAACGGAAAGG,17,CA,CAAC,AAA,0.765,0.765,0.0,0.0,0.667,0.794
MMP9G4_00939,GGAAGGTCAACGGCTCGG,18,AA,TCAAC,CTC,0.667,0.667,0.0,0.0,0.556,0.6213
MMP9G4_00940,GGAAGGTCCGGTCCGG,16,AA,TCC,TCC,0.5,0.5,0.0,-1.2,0.625,0.0864
MMP9G4_00941,GGACGGCCAACGGCTGG,17,AC,CCAAC,CT,0.529,0.529,0.0,-2.4,0.833,0.2857
MMP9G4_00942,GGCCGGACCAGGAACGG,17,CC,ACCA,AAC,0.412,0.412,0.0,-1.4,0.667,0.794
MMP9G4_00943,GGAACGGACTGGACGG,16,AAC,ACT,AC,0.812,0.812,0.0,0.0,0.636,0.1794
MMP9G4_00944,GGACGGTACAAGGTCGG,17,AC,TACAA,TC,0.765,0.765,0.0,-0.3,0.588,0.3189
MMP9G4_00945,GGCTGGTACCAGGACGG,17,CT,TACCA,AC,0.588,0.588,0.0,-0.4,0.857,0.2691
MMP9G4_00946,GGCAGGCCAGGTCTGG,16,CA,CCA,TCT,0.625,0.625,0.0,-1.1,0.625,0.0897
MMP9G4_00947,GGTATGGCACAAGGCCGG,18,TAT,CACAA,CC,0.556,0.556,0.0,-2.4,0.857,0.2226
MMP9G4_00948,GGATCGGCTCTGGACCGG,18,ATC,CTCT,ACC,0.5,0.5,0.0,-1.6,0.692,0.299
MMP9G4_00949,GGAAAGGTCCTGGCAGG,17,AAA,TCCT,CA,0.647,0.647,0.0,-1.0,0.667,0.2857
MMP9G4_00950,GGTAGGCTACCGGCACGG,18,TA,CTACC,CAC,0.5,0.5,0.0,-1.5,0.833,0.6146
MMP9G4_00951,GGTTTGGTTCGGCCAGG,17,TTT,TTC,CCA,0.647,0.647,0.0,-1.2,0.833,0.1694
MMP9G4_00952,GGCTAGGAAAGGACCGG,17,CTA,AAA,ACC,0.647,0.647,0.0,0.0,0.583,0.6013
MMP9G4_00953,GGCAGGCCTCGGATTGG,17,CA,CCTC,ATT,0.588,0.588,0.0,0.0,0.647,0.0797
MMP9G4_00954,GGTCGGCTTAAGGCTGG,17,TC,CTTAA,CT,0.765,0.765,0.0,-1.2,0.647,0.3322
MMP9G4_00955,GGCATGGCAAAGGTACGG,18,CAT,CAAA,TAC,0.722,0.722,0.0,0.0,0.556,0.6478
MMP9G4_00956,GGCTTGGTAACTGGCAGG,18,CTT,TAACT,CA,0.722,0.722,0.0,-0.3,0.667,0.0997
MMP9G4_00957,GGTTCGGCAACAGGATGG,18,TTC,CAACA,AT,0.722,0.722,0.0,-0.1,0.611,0.3123
MMP9G4_00958,GGTAAGGATCGGTCCGG,17,TAA,ATC,TCC,0.647,0.647,0.0,-1.2,0.667,0.6412
MMP9G4_00959,GGCTAGGCCTGGAAGG,16,CTA,CCT,AA,0.688,0.688,0.0,-1.4,0.625,0.0631
MMP9G4_00960,GGCCGGCTATAGGACGG,17,CC,CTATA,AC,0.588,0.588,0.0,-2.9,0.588,0.2757
MMP9G4_00961,GGACGGATATAGGTAAGG,18,AC,ATATA,TAA,0.833,0.833,0.0,0.0,0.611,0.2824
MMP9G4_00962,GGCCTGGCCAAGGAACGG,18,CCT,CCAA,AAC,0.389,0.389,0.0,-1.7,0.714,0.4784
MMP9G4_00963,GGTCCGGTCTACGGCAGG,18,TCC,TCTAC,CA,0.5,0.5,0.0,-2.2,0.611,0.3654
MMP9G4_00964,GGATTGGATAGGCTTGG,17,ATT,ATA,CTT,0.882,0.882,0.0,0.0,0.706,0.1196
MMP9G4_00965,GGCTTGGTTTCCGGATAGG,19,CTT,TTTCC,ATA,0.579,0.579,0.0,0.0,0.684,0.2957
MMP9G4_00966,GGATCGGTTTCTGGTAGG,18,ATC,TTTCT,TA,0.778,0.778,0.0,0.0,0.733,0.3289
MMP9G4_00967,GGTATGGCCTCGGACAGG,18,TAT,CCTC,ACA,0.556,0.556,0.0,-0.5,0.692,0.3156
MMP9G4_00968,GGACGGTCCTCGGAAGG,17,AC,TCCTC,AA,0.588,0.588,0.0,-0.8,0.588,0.3056
MMP9G4_00969,GGCTGGCCTAAGGAAGG,17,CT,CCTAA,AA,0.647,0.647,0.0,-0.9,0.588,0.289
MMP9G4_00970,GGAAGGCAATCGGTCTGG,18,AA,CAATC,TCT,0.722,0.722,0.0,0.0,0.778,0.3056
MMP9G4_00971,GGCCAGGCTAGGACGG,16,CCA,CTA,AC,0.625,0.625,0.0,-0.5,0.583,0.6744
MMP9G4_00972,GGTTGGCTCACGGAACGG,18,TT,CTCAC,AAC,0.667,0.667,0.0,0.0,1.0,0.2525
MMP9G4_00973,GGCAGGTTAAAGGTAGG,17,CA,TTAAA,TA,0.882,0.882,0.0,0.0,0.588,0.6545
MMP9G4_00974,GGATCGGAATTTGGTCTGG,19,ATC,AATTT,TCT,0.737,0.737,0.0,0.0,0.684,0.2691
MMP9G4_00975,GGACTGGTCACGGACAGG,18,ACT,TCAC,ACA,0.667,0.667,0.0,-1.0,0.75,0.3455
MMP9G4_00976,GGATTGGCATAAGGTCGG,18,ATT,CATAA,TC,0.778,0.778,0.0,0.0,0.667,0.103
MMP9G4_00977,GGACCGGCACAGGTCGG,17,ACC,CACA,TC,0.529,0.529,0.0,-2.9,0.833,0.3156
MMP9G4_00978,GGACGGCTCTGGTAAGG,17,AC,CTCT,TAA,0.765,0.765,0.0,0.0,0.647,0.1196
MMP9G4_00979,GGCAGGCTCTTGGTTAGG,18,CA,CTCTT,TTA,0.722,0.722,0.0,0.0,0.667,0.3289
MMP9G4_00980,GGTACGGTATTAGGCCAGG,19,TAC,TATTA,CCA,0.579,0.579,0.0,-0.2,0.6,0.7209
MMP9G4_00981,GGCTGGCCTTGGTATGG,17,CT,CCTT,TAT,0.647,0.647,0.0,0.0,0.706,0.1395
MMP9G4_00982,GGACAGGACAATGGCCGG,18,ACA,ACAAT,CC,0.556,0.556,0.0,-1.6,0.714,0.485
MMP9G4_00983,GGCTCGGCCACCGGATTGG,19,CTC,CCACC,ATT,0.316,0.316,0.0,-1.9,0.857,0.5914
MMP9G4_00984,GGATAGGTACCGGATTGG,18,ATA,TACC,ATT,0.667,0.667,0.0,-0.2,0.667,0.113
MMP9G4_00985,GGCACGGATTCAGGTCGG,18,CAC,ATTCA,TC,0.667,0.667,0.0,0.0,0.6,0.7243
MMP9G4_00986,GGTTGGCATTTGGAAGG,17,TT,CATTT,AA,0.882,0.882,0.0,0.0,0.706,0.1462
MMP9G4_00987,GGACCGGCTCGGTATGG,17,ACC,CTC,TAT,0.588,0.588,0.0,-2.5,0.75,0.1229
MMP9G4_00988,GGATTGGTCCAGGCAAGG,18,ATT,TCCA,CAA,0.611,0.611,0.0,-1.3,0.875,0.2525
MMP9G4_00989,GGCAGGAACGGTTTGG,16,CA,AAC,TTT,0.875,0.875,0.0,0.0,0.625,0.3787
MMP9G4_00990,GGCCGGAACGGAAGG,15,CC,AAC,AA,0.733,0.733,0.0,-1.4,0.533,0.0598
MMP9G4_00991,GGCTCGGAATGGCCGG,16,CTC,AAT,CC,0.625,0.625,0.0,-2.1,0.625,0.0631
MMP9G4_00992,GGTCTGGCTTATGGACGG,18,TCT,CTTAT,AC,0.722,0.722,0.0,-0.4,0.667,0.3256
MMP9G4_00993,GGTACGGTTCAAGGCAGG,18,TAC,TTCAA,CA,0.722,0.722,0.0,0.0,0.778,0.3189
MMP9G4_00994,GGTAGGCTCGGCTGG,15,TA,CTC,CT,0.867,0.867,0.0,0.0,0.667,0.1296
MMP9G4_00995,GGCAAGGATCAGGATGG,17,CAA,ATCA,AT,0.824,0.824,0.0,0.0,0.667,0.2625
MMP9G4_00996,GGCAAGGCTTGGTTTGG,17,CAA,CTT,TTT,0.824,0.824,0.0,-0.5,0.833,0.1528
MMP9G4_00997,GGTCGGCCTTTGGTCTGG,18,TC,CCTTT,TCT,0.556,0.556,0.0,-0.1,0.722,0.093
MMP9G4_00998,GGACGGACCAAGGCTCGG,18,AC,ACCAA,CTC,0.5,0.5,0.0,-0.4,0.714,0.7043
MMP9G4_00999,GGTCCGGAATCGGCTCGG,18,TCC,AATC,CTC,0.5,0.5,0.0,-2.1,0.611,0.2924
